date,adj close,close,high,low,open,volume,ticker
,kvue,kvue,kvue,kvue,kvue,kvue,
2023-05-04,24.67997169494629,26.899999618530273,26.979999542236328,25.25,25.530000686645508,77004200,KVUE
2023-05-05,24.3129825592041,26.5,27.030000686645508,26.209999084472656,26.65999984741211,11292000,KVUE
2023-05-08,24.322158813476562,26.510000228881836,26.850000381469727,25.90999984741211,26.329999923706055,6308300,KVUE
2023-05-09,24.11113929748535,26.280000686645508,26.84000015258789,26.06999969482422,26.510000228881836,4684000,KVUE
2023-05-10,24.0836181640625,26.25,26.770000457763672,26.010000228881836,26.280000686645508,9602400,KVUE
2023-05-11,23.854248046875,26.0,26.329999923706055,26.0,26.030000686645508,5687300,KVUE
2023-05-12,24.3129825592041,26.5,26.6200008392334,25.899999618530273,26.020000457763672,5433800,KVUE
2023-05-15,25.230453491210938,27.5,27.795000076293945,26.5,26.5,7083200,KVUE
2023-05-16,24.799243927001953,27.030000686645508,27.770000457763672,26.989999771118164,27.540000915527344,3818400,KVUE
2023-05-17,24.973562240600586,27.219999313354492,27.700000762939453,26.600000381469727,27.299999237060547,3392200,KVUE
2023-05-18,24.808420181274414,27.040000915527344,27.350000381469727,26.700000762939453,27.219999313354492,2648100,KVUE
2023-05-19,24.982736587524414,27.229999542236328,27.259000778198242,26.690000534057617,27.040000915527344,1794300,KVUE
2023-05-22,23.91847038269043,26.06999969482422,27.43000030517578,25.959999084472656,27.329999923706055,7509400,KVUE
2023-05-23,23.854248046875,26.0,26.260000228881836,25.809999465942383,26.010000228881836,2485000,KVUE
2023-05-24,24.26711082458496,26.450000762939453,26.549999237060547,25.860000610351562,26.010000228881836,1953600,KVUE
2023-05-25,24.15701675415039,26.329999923706055,26.639999389648438,25.899999618530273,26.5,2139400,KVUE
2023-05-26,24.129486083984375,26.299999237060547,26.43000030517578,26.200000762939453,26.43000030517578,844100,KVUE
2023-05-30,23.606529235839844,25.729999542236328,26.5,25.1299991607666,26.280000686645508,6340200,KVUE
2023-05-31,23.01934814453125,25.09000015258789,25.6200008392334,24.989999771118164,25.6200008392334,6347800,KVUE
2023-06-01,23.19367218017578,25.280000686645508,25.639999389648438,24.75,25.299999237060547,6072700,KVUE
2023-06-02,23.44138526916504,25.549999237060547,25.700000762939453,24.969999313354492,25.260000228881836,2329400,KVUE
2023-06-05,23.074398040771484,25.149999618530273,25.770000457763672,24.829999923706055,25.579999923706055,4737300,KVUE
2023-06-06,23.09274673461914,25.170000076293945,25.389999389648438,24.899999618530273,25.0,1315000,KVUE
2023-06-07,23.010173797607422,25.079999923706055,25.2549991607666,24.90999984741211,25.100000381469727,1626600,KVUE
2023-06-08,23.03769874572754,25.110000610351562,25.15999984741211,24.809999465942383,24.989999771118164,2711800,KVUE
2023-06-09,23.028522491455078,25.100000381469727,25.15999984741211,24.850000381469727,25.049999237060547,1874000,KVUE
2023-06-12,22.955129623413086,25.020000457763672,25.200000762939453,24.75,25.010000228881836,2619800,KVUE
2023-06-13,23.056045532226562,25.1299991607666,25.219999313354492,24.959999084472656,24.989999771118164,2039800,KVUE
2023-06-14,23.248716354370117,25.34000015258789,25.489999771118164,25.1200008392334,25.1299991607666,2412000,KVUE
2023-06-15,23.6248836517334,25.75,25.950000762939453,25.18000030517578,25.399999618530273,1442900,KVUE
2023-06-16,24.0836181640625,26.25,26.260000228881836,25.700000762939453,25.850000381469727,2333000,KVUE
2023-06-20,23.9092960357666,26.059999465942383,26.3799991607666,25.940000534057617,25.950000762939453,1487500,KVUE
2023-06-21,24.037744522094727,26.200000762939453,26.700000762939453,25.770000457763672,26.190000534057617,3605900,KVUE
2023-06-22,24.358858108520508,26.549999237060547,26.600000381469727,26.198999404907227,26.200000762939453,1130700,KVUE
2023-06-23,24.294631958007812,26.479999542236328,26.739999771118164,26.270000457763672,26.549999237060547,2793400,KVUE
2023-06-26,23.991867065429688,26.149999618530273,26.600000381469727,26.020000457763672,26.59000015258789,2507300,KVUE
2023-06-27,23.753324508666992,25.889999389648438,26.06999969482422,25.190000534057617,26.020000457763672,2904600,KVUE
2023-06-28,23.670753479003906,25.799999237060547,26.020000457763672,25.670000076293945,25.899999618530273,1807900,KVUE
2023-06-29,23.84507179260254,25.989999771118164,26.219999313354492,25.709999084472656,25.739999771118164,1353900,KVUE
2023-06-30,24.239585876464844,26.420000076293945,26.65999984741211,25.969999313354492,26.040000915527344,3936600,KVUE
2023-07-03,23.890949249267578,26.040000915527344,26.600000381469727,25.799999237060547,26.309999465942383,7558600,KVUE
2023-07-05,23.579008102416992,25.700000762939453,26.25,25.6200008392334,25.90999984741211,1990700,KVUE
2023-07-06,23.50560760498047,25.6200008392334,25.80500030517578,25.3799991607666,25.549999237060547,4856900,KVUE
2023-07-07,23.13862419128418,25.219999313354492,25.649999618530273,25.209999084472656,25.6200008392334,1793700,KVUE
2023-07-10,23.166141510009766,25.25,25.524999618530273,25.100000381469727,25.309999465942383,2121200,KVUE
2023-07-11,23.010173797607422,25.079999923706055,25.549999237060547,25.0049991607666,25.479999542236328,1942600,KVUE
2023-07-12,23.166141510009766,25.25,25.3700008392334,24.959999084472656,25.270000457763672,2320900,KVUE
2023-07-13,23.303768157958984,25.399999618530273,25.5,24.8799991607666,25.420000076293945,2477900,KVUE
2023-07-14,22.88172721862793,24.940000534057617,25.610000610351562,24.719999313354492,25.530000686645508,3830200,KVUE
2023-07-17,22.83585548400879,24.889999389648438,25.059999465942383,24.739999771118164,24.899999618530273,1709200,KVUE
2023-07-18,22.7624568939209,24.809999465942383,25.030000686645508,24.7450008392334,24.75,1713500,KVUE
2023-07-19,22.936777114868164,25.0,25.040000915527344,24.5,24.8799991607666,2870800,KVUE
2023-07-20,22.48721694946289,24.510000228881836,24.615999221801758,22.489999771118164,23.950000762939453,36675600,KVUE
2023-07-21,22.02848243713379,24.010000228881836,24.8799991607666,23.780000686645508,24.649999618530273,14587900,KVUE
2023-07-24,22.16610336303711,24.15999984741211,24.40999984741211,23.1200008392334,23.170000076293945,22641600,KVUE
2023-07-25,23.046875,25.1200008392334,25.1200008392334,24.149999618530273,24.34000015258789,15018100,KVUE
2023-07-26,22.652359008789062,24.690000534057617,25.229999542236328,24.28499984741211,25.09000015258789,10716400,KVUE
2023-07-27,22.239500045776367,24.239999771118164,25.0,23.959999084472656,24.950000762939453,11476200,KVUE
2023-07-28,22.386295318603516,24.399999618530273,24.43000030517578,24.049999237060547,24.229999542236328,13214600,KVUE
2023-07-31,21.725717544555664,23.68000030517578,24.079999923706055,23.4950008392334,24.010000228881836,14630700,KVUE
2023-08-01,21.69818878173828,23.649999618530273,23.770000457763672,23.3799991607666,23.510000228881836,14685500,KVUE
2023-08-02,21.92755889892578,23.899999618530273,23.920000076293945,23.3700008392334,23.549999237060547,16233200,KVUE
2023-08-03,22.0101318359375,23.989999771118164,24.434999465942383,23.75,24.030000686645508,16111000,KVUE
2023-08-04,21.58809471130371,23.530000686645508,24.020000457763672,23.270000457763672,24.020000457763672,20999100,KVUE
2023-08-07,21.597270965576172,23.540000915527344,23.676000595092773,23.31999969482422,23.670000076293945,15379100,KVUE
2023-08-08,21.450471878051758,23.3799991607666,23.549999237060547,23.209999084472656,23.549999237060547,20150600,KVUE
2023-08-09,21.422948837280273,23.350000381469727,23.440000534057617,23.059999465942383,23.299999237060547,40849100,KVUE
2023-08-10,21.441299438476562,23.3700008392334,23.889999389648438,23.110000610351562,23.75,51365500,KVUE
2023-08-11,21.76241111755371,23.719999313354492,23.799999237060547,23.25,23.299999237060547,46063200,KVUE
2023-08-14,21.04678726196289,22.940000534057617,23.700000762939453,22.850000381469727,23.600000381469727,89481200,KVUE
2023-08-15,21.340375900268555,23.260000228881836,23.770000457763672,22.639999389648438,22.920000076293945,105996500,KVUE
2023-08-16,21.037612915039062,22.93000030517578,23.549999237060547,22.809999465942383,23.489999771118164,86179200,KVUE
2023-08-17,20.899991989135742,22.780000686645508,23.290000915527344,22.549999237060547,23.1200008392334,71709300,KVUE
2023-08-18,20.982566833496094,22.8700008392334,23.0,22.360000610351562,22.959999084472656,93537500,KVUE
2023-08-21,21.010086059570312,22.899999618530273,23.690000534057617,22.809999465942383,23.170000076293945,178017500,KVUE
2023-08-22,21.78076171875,23.739999771118164,23.81999969482422,23.1200008392334,23.239999771118164,90542700,KVUE
2023-08-23,21.670669555664062,23.6200008392334,24.049999237060547,23.6200008392334,23.850000381469727,119406800,KVUE
2023-08-24,21.707366943359375,23.65999984741211,24.100000381469727,23.139999389648438,23.959999084472656,372341300,KVUE
2023-08-25,21.253971099853516,22.969999313354492,23.290000915527344,22.81999969482422,23.200000762939453,86974600,KVUE
2023-08-28,21.253971099853516,22.969999313354492,23.200000762939453,22.610000610351562,22.920000076293945,39395000,KVUE
2023-08-29,21.152189254760742,22.860000610351562,23.125,22.56999969482422,22.729999542236328,59445800,KVUE
2023-08-30,21.346498489379883,23.06999969482422,23.139999389648438,22.649999618530273,22.84000015258789,36094000,KVUE
2023-08-31,21.327993392944336,23.049999237060547,23.329999923706055,23.010000228881836,23.09000015258789,36119700,KVUE
2023-09-01,21.244718551635742,22.959999084472656,23.329999923706055,22.8700008392334,23.200000762939453,27566400,KVUE
2023-09-05,20.920867919921875,22.610000610351562,22.979999542236328,22.59000015258789,22.920000076293945,28465000,KVUE
2023-09-06,20.708049774169922,22.3799991607666,22.709999084472656,22.299999237060547,22.65999984741211,24727700,KVUE
2023-09-07,19.421894073486328,20.989999771118164,22.579999923706055,20.959999084472656,22.440000534057617,102648300,KVUE
2023-09-08,19.7087345123291,21.299999237060547,21.43000030517578,20.375,20.860000610351562,59635700,KVUE
2023-09-11,20.42120933532715,22.06999969482422,22.18000030517578,21.600000381469727,22.1299991607666,42830600,KVUE
2023-09-12,19.486663818359375,21.059999465942383,22.1200008392334,21.010000228881836,22.079999923706055,43697200,KVUE
2023-09-13,19.98632049560547,21.600000381469727,21.90999984741211,21.079999923706055,21.09000015258789,35434500,KVUE
2023-09-14,20.115863800048828,21.739999771118164,21.829999923706055,21.4950008392334,21.829999923706055,22195700,KVUE
2023-09-15,19.63471031188965,21.219999313354492,21.8700008392334,21.200000762939453,21.719999313354492,32265200,KVUE
2023-09-18,19.505168914794922,21.079999923706055,21.350000381469727,20.829999923706055,21.350000381469727,18035300,KVUE
2023-09-19,19.486663818359375,21.059999465942383,21.100000381469727,20.690000534057617,20.90999984741211,21142800,KVUE
2023-09-20,19.329362869262695,20.889999389648438,21.399999618530273,20.8799991607666,21.25,15623200,KVUE
2023-09-21,19.283098220825195,20.84000015258789,21.260000228881836,20.709999084472656,20.920000076293945,20599600,KVUE
2023-09-22,19.014760971069336,20.549999237060547,21.024999618530273,20.5,20.950000762939453,14865900,KVUE
2023-09-25,19.273841857910156,20.829999923706055,20.850000381469727,20.469999313354492,20.510000228881836,16272000,KVUE
2023-09-26,19.098037719726562,20.639999389648438,20.850000381469727,20.479999542236328,20.59000015258789,23574200,KVUE
2023-09-27,18.70941734313965,20.219999313354492,20.799999237060547,20.040000915527344,20.709999084472656,25270500,KVUE
2023-09-28,18.607635498046875,20.110000610351562,20.280000686645508,19.950000762939453,20.1200008392334,32556800,KVUE
2023-09-29,18.579875946044922,20.079999923706055,20.325000762939453,20.020000457763672,20.270000457763672,27974900,KVUE
2023-10-02,18.801944732666016,20.31999969482422,20.479999542236328,20.135000228881836,20.239999771118164,25296300,KVUE
2023-10-03,18.496597290039062,19.989999771118164,20.59000015258789,19.90999984741211,20.389999389648438,24924500,KVUE
2023-10-04,18.256023406982422,19.729999542236328,19.989999771118164,19.549999237060547,19.920000076293945,19610400,KVUE
2023-10-05,18.283782958984375,19.760000228881836,19.905000686645508,19.579999923706055,19.809999465942383,18014900,KVUE
2023-10-06,18.57062530517578,20.06999969482422,20.260000228881836,19.389999389648438,19.670000076293945,25090300,KVUE
2023-10-09,18.385568618774414,19.8700008392334,20.125,19.670000076293945,19.8700008392334,16032800,KVUE
2023-10-10,18.219013214111328,19.690000534057617,20.079999923706055,19.6299991607666,19.920000076293945,13937900,KVUE
2023-10-11,18.10797691345215,19.56999969482422,19.8799991607666,19.360000610351562,19.829999923706055,20414700,KVUE
2023-10-12,17.87665367126465,19.31999969482422,19.719999313354492,19.235000610351562,19.600000381469727,14461500,KVUE
2023-10-13,17.92292022705078,19.3700008392334,19.489999771118164,19.25,19.3799991607666,16410700,KVUE
2023-10-16,18.080219268798828,19.540000915527344,19.719999313354492,19.094999313354492,19.3700008392334,15272000,KVUE
2023-10-17,18.302288055419922,19.780000686645508,19.899999618530273,19.010000228881836,19.290000915527344,18750100,KVUE
2023-10-18,18.561372756958008,20.059999465942383,20.079999923706055,19.690000534057617,19.790000915527344,18294200,KVUE
2023-10-19,18.357805252075195,19.84000015258789,20.208999633789062,19.81999969482422,20.049999237060547,18831500,KVUE
2023-10-20,18.265277862548828,19.739999771118164,20.030000686645508,19.719999313354492,19.8700008392334,24057700,KVUE
2023-10-23,18.209760665893555,19.68000030517578,19.80500030517578,19.424999237060547,19.520000457763672,19716500,KVUE
2023-10-24,18.487346649169922,19.979999542236328,20.003000259399414,19.649999618530273,19.68000030517578,21650900,KVUE
2023-10-25,18.256023406982422,19.729999542236328,20.118999481201172,19.719999313354492,20.0,24711200,KVUE
2023-10-26,17.293724060058594,18.690000534057617,19.1299991607666,18.5,18.850000381469727,60514900,KVUE
2023-10-27,16.849578857421875,18.209999084472656,18.709999084472656,18.084999084472656,18.604999542236328,43215400,KVUE
2023-10-30,17.247453689575195,18.639999389648438,18.875,17.81999969482422,18.34000015258789,39398800,KVUE
2023-10-31,17.21044158935547,18.600000381469727,18.8799991607666,18.5,18.809999465942383,81622600,KVUE
2023-11-01,17.469524383544922,18.8799991607666,18.899999618530273,18.405000686645508,18.579999923706055,20218100,KVUE
2023-11-02,17.793378829956055,19.229999542236328,19.2450008392334,18.780000686645508,19.0,15439000,KVUE
2023-11-03,17.92292022705078,19.3700008392334,19.709999084472656,19.299999237060547,19.489999771118164,16874300,KVUE
2023-11-06,17.90441131591797,19.350000381469727,19.540000915527344,19.239999771118164,19.459999084472656,13242000,KVUE
2023-11-07,18.325143814086914,19.600000381469727,19.610000610351562,19.18600082397461,19.219999313354492,12172600,KVUE
2023-11-08,17.91376304626465,19.15999984741211,19.704999923706055,19.110000610351562,19.559999465942383,13552100,KVUE
2023-11-09,17.969858169555664,19.219999313354492,19.299999237060547,19.040000915527344,19.280000686645508,10423400,KVUE
2023-11-10,17.9044132232666,19.149999618530273,19.315000534057617,19.09000015258789,19.25,14475400,KVUE
2023-11-13,17.857666015625,19.100000381469727,19.190000534057617,18.9950008392334,19.149999618530273,14283900,KVUE
2023-11-14,18.147499084472656,19.40999984741211,19.600000381469727,19.1200008392334,19.239999771118164,16003900,KVUE
2023-11-15,18.325143814086914,19.600000381469727,19.770000457763672,19.489999771118164,19.59000015258789,16026300,KVUE
2023-11-16,18.33449363708496,19.610000610351562,19.639999389648438,19.469999313354492,19.559999465942383,12665000,KVUE
2023-11-17,18.399938583374023,19.68000030517578,19.809999465942383,19.479999542236328,19.559999465942383,12840900,KVUE
2023-11-20,18.46538543701172,19.75,19.8799991607666,19.459999084472656,19.709999084472656,18248800,KVUE
2023-11-21,18.605628967285156,19.899999618530273,20.040000915527344,19.719999313354492,19.739999771118164,17662900,KVUE
2023-11-22,18.73652458190918,20.040000915527344,20.309999465942383,19.969999313354492,20.0,21322700,KVUE
2023-11-24,18.932863235473633,20.25,20.4950008392334,20.1200008392334,20.1200008392334,12663700,KVUE
2023-11-27,18.848718643188477,20.15999984741211,20.270000457763672,20.010000228881836,20.190000534057617,32839900,KVUE
2023-11-28,18.848718643188477,20.15999984741211,20.25,20.079999923706055,20.149999618530273,19154500,KVUE
2023-11-29,18.773921966552734,20.079999923706055,20.360000610351562,20.059999465942383,20.229999542236328,13457500,KVUE
2023-11-30,19.110506057739258,20.440000534057617,20.459999084472656,20.040000915527344,20.219999313354492,47302700,KVUE
2023-12-01,19.3442440032959,20.690000534057617,20.790000915527344,20.309999465942383,20.309999465942383,17798700,KVUE
2023-12-04,19.278799057006836,20.6200008392334,20.850000381469727,20.5,20.6200008392334,22516200,KVUE
2023-12-05,18.858068466186523,20.170000076293945,20.649999618530273,20.15999984741211,20.59000015258789,19199000,KVUE
2023-12-06,18.128799438476562,19.389999389648438,20.25,19.219999313354492,20.219999313354492,37456400,KVUE
2023-12-07,19.456439971923828,20.809999465942383,21.38800048828125,19.5,19.59000015258789,60070800,KVUE
2023-12-08,19.26944923400879,20.610000610351562,21.0,20.600000381469727,20.8799991607666,24536000,KVUE
2023-12-11,19.250747680664062,20.59000015258789,20.719999313354492,20.299999237060547,20.5,18094900,KVUE
2023-12-12,19.400341033935547,20.75,20.90999984741211,20.3700008392334,20.65999984741211,17755000,KVUE
2023-12-13,19.67148208618164,21.040000915527344,21.040000915527344,20.514999389648438,20.84000015258789,19393500,KVUE
2023-12-14,19.69017791748047,21.059999465942383,21.260000228881836,20.829999923706055,21.1299991607666,19302400,KVUE
2023-12-15,19.624731063842773,20.989999771118164,21.059999465942383,20.780000686645508,20.8700008392334,38178500,KVUE
2023-12-18,19.643430709838867,21.010000228881836,21.1299991607666,20.8799991607666,21.100000381469727,16832900,KVUE
2023-12-19,20.073514938354492,21.469999313354492,22.30500030517578,21.235000610351562,22.25,50883800,KVUE
2023-12-20,19.58733367919922,20.950000762939453,21.68000030517578,20.895000457763672,21.389999389648438,24956700,KVUE
2023-12-21,19.839773178100586,21.219999313354492,21.239999771118164,20.920000076293945,21.049999237060547,14647200,KVUE
2023-12-22,19.970666885375977,21.360000610351562,21.420000076293945,21.209999084472656,21.25,9577700,KVUE
2023-12-26,19.90522003173828,21.290000915527344,21.395000457763672,21.135000228881836,21.25,8128600,KVUE
2023-12-27,20.14830780029297,21.549999237060547,21.549999237060547,21.260000228881836,21.270000457763672,10852400,KVUE
2023-12-28,20.073514938354492,21.469999313354492,21.649999618530273,21.389999389648438,21.524999618530273,8146900,KVUE
2023-12-29,20.12961196899414,21.530000686645508,21.559999465942383,21.329999923706055,21.40999984741211,9359200,KVUE
2024-01-02,20.167007446289062,21.56999969482422,21.854999542236328,21.420000076293945,21.450000762939453,35216200,KVUE
2024-01-03,19.88652229309082,21.270000457763672,21.600000381469727,21.184999465942383,21.420000076293945,18892500,KVUE
2024-01-04,19.540586471557617,20.899999618530273,21.385000228881836,20.889999389648438,21.290000915527344,16729000,KVUE
2024-01-05,19.961318969726562,21.350000381469727,21.40999984741211,20.93899917602539,21.0,24854100,KVUE
2024-01-08,20.22310447692871,21.6299991607666,21.649999618530273,21.25,21.25,14321000,KVUE
2024-01-09,20.428796768188477,21.850000381469727,21.860000610351562,21.520000457763672,21.520000457763672,18106300,KVUE
2024-01-10,20.354001998901367,21.770000457763672,21.899999618530273,21.549999237060547,21.799999237060547,17925900,KVUE
2024-01-11,20.50359535217285,21.93000030517578,21.940000534057617,21.459999084472656,21.690000534057617,16607600,KVUE
2024-01-12,20.110912322998047,21.510000228881836,22.040000915527344,21.440000534057617,22.0,16986400,KVUE
2024-01-16,19.849123001098633,21.229999542236328,21.4950008392334,21.079999923706055,21.43000030517578,12962400,KVUE
2024-01-17,19.615381240844727,20.979999542236328,21.2450008392334,20.924999237060547,21.059999465942383,14488900,KVUE
2024-01-18,19.577983856201172,20.940000534057617,21.010000228881836,20.729999542236328,20.889999389648438,9154600,KVUE
2024-01-19,19.36294174194336,20.709999084472656,20.950000762939453,20.530000686645508,20.950000762939453,15841800,KVUE
2024-01-22,19.110506057739258,20.440000534057617,20.690000534057617,20.280000686645508,20.520000457763672,20041600,KVUE
2024-01-23,19.549936294555664,20.90999984741211,20.979999542236328,20.559999465942383,20.594999313354492,16013200,KVUE
2024-01-24,19.101158142089844,20.43000030517578,20.975000381469727,20.40999984741211,20.8700008392334,12345100,KVUE
2024-01-25,19.400341033935547,20.75,20.790000915527344,20.44099998474121,20.600000381469727,12613600,KVUE
2024-01-26,19.48448944091797,20.84000015258789,20.989999771118164,20.790000915527344,20.889999389648438,14121400,KVUE
2024-01-29,19.67148208618164,21.040000915527344,21.110000610351562,20.81999969482422,20.84000015258789,10817100,KVUE
2024-01-30,19.51253890991211,20.8700008392334,20.979999542236328,20.71299934387207,20.950000762939453,10593500,KVUE
2024-01-31,19.409692764282227,20.760000228881836,20.959999084472656,20.729999542236328,20.950000762939453,13225600,KVUE
2024-02-01,19.531234741210938,20.889999389648438,21.0,20.540000915527344,20.780000686645508,11400600,KVUE
2024-02-02,19.475139617919922,20.829999923706055,20.920000076293945,20.6299991607666,20.719999313354492,12678900,KVUE
2024-02-05,19.147903442382812,20.479999542236328,20.75,20.253000259399414,20.75,12643400,KVUE
2024-02-06,19.260101318359375,20.600000381469727,20.75,20.399999618530273,20.440000534057617,13267100,KVUE
2024-02-07,19.185300827026367,20.520000457763672,20.739999771118164,20.40999984741211,20.739999771118164,26170300,KVUE
2024-02-08,18.072704315185547,19.329999923706055,20.045000076293945,19.299999237060547,19.850000381469727,44119600,KVUE
2024-02-09,18.072704315185547,19.329999923706055,19.614999771118164,19.079999923706055,19.200000762939453,24589600,KVUE
2024-02-12,18.3157901763916,19.59000015258789,19.639999389648438,19.30500030517578,19.469999313354492,17750800,KVUE
2024-02-13,18.183549880981445,19.25,19.584999084472656,19.09000015258789,19.399999618530273,16678500,KVUE
2024-02-14,18.032411575317383,19.09000015258789,19.364999771118164,19.010000228881836,19.219999313354492,15853000,KVUE
2024-02-15,17.994626998901367,19.049999237060547,19.260000228881836,19.0,19.110000610351562,18646500,KVUE
2024-02-16,17.994626998901367,19.049999237060547,19.100000381469727,18.915000915527344,19.010000228881836,16387600,KVUE
2024-02-20,18.004074096679688,19.059999465942383,19.1299991607666,18.850000381469727,18.989999771118164,15817600,KVUE
2024-02-21,18.230777740478516,19.299999237060547,19.334999084472656,18.899999618530273,19.100000381469727,12660700,KVUE
2024-02-22,18.126874923706055,19.190000534057617,19.31999969482422,18.950000762939453,19.260000228881836,11359000,KVUE
2024-02-23,18.117429733276367,19.18000030517578,19.325000762939453,19.049999237060547,19.149999618530273,13774600,KVUE
2024-02-26,17.890724182128906,18.940000534057617,19.142000198364258,18.84000015258789,19.139999389648438,17420200,KVUE
2024-02-27,17.8718318939209,18.920000076293945,18.969999313354492,18.719999313354492,18.90999984741211,15954200,KVUE
2024-02-28,18.07964324951172,19.139999389648438,19.170000076293945,18.709999084472656,18.93000030517578,16447700,KVUE
2024-02-29,17.947399139404297,19.0,19.264999389648438,18.899999618530273,19.15999984741211,19298500,KVUE
2024-03-01,17.77737045288086,18.81999969482422,18.940000534057617,18.690000534057617,18.81999969482422,14618600,KVUE
2024-03-04,17.90961456298828,18.959999084472656,19.079999923706055,18.610000610351562,18.760000228881836,18745500,KVUE
2024-03-05,17.956844329833984,19.010000228881836,19.200000762939453,18.829999923706055,18.90999984741211,19216100,KVUE
2024-03-06,18.495267868041992,19.579999923706055,19.760000228881836,18.989999771118164,19.0,17447900,KVUE
2024-03-07,18.70307731628418,19.799999237060547,20.229999542236328,19.665000915527344,19.690000534057617,22510900,KVUE
2024-03-08,18.910892486572266,20.020000457763672,20.1299991607666,19.670000076293945,19.690000534057617,11932700,KVUE
2024-03-11,19.033687591552734,20.149999618530273,20.34000015258789,20.020000457763672,20.059999465942383,12106400,KVUE
2024-03-12,19.024242401123047,20.139999389648438,20.388999938964844,20.1200008392334,20.190000534057617,12156700,KVUE
2024-03-13,19.279287338256836,20.40999984741211,20.549999237060547,20.200000762939453,20.200000762939453,23717400,KVUE
2024-03-14,18.958120346069336,20.06999969482422,20.3700008392334,19.915000915527344,20.260000228881836,18494000,KVUE
2024-03-15,19.21316146850586,20.34000015258789,20.415000915527344,19.799999237060547,19.799999237060547,68562300,KVUE
2024-03-18,19.080917358398438,20.200000762939453,20.3799991607666,19.969999313354492,20.110000610351562,18907400,KVUE
2024-03-19,19.080917358398438,20.200000762939453,20.399999618530273,20.100000381469727,20.34000015258789,18217300,KVUE
2024-03-20,19.279287338256836,20.40999984741211,20.415000915527344,20.075000762939453,20.15999984741211,13173300,KVUE
2024-03-21,19.562664031982422,20.709999084472656,20.920000076293945,20.420000076293945,20.420000076293945,18323600,KVUE
2024-03-22,19.458759307861328,20.600000381469727,20.8700008392334,20.540000915527344,20.780000686645508,10408800,KVUE
2024-03-25,19.5059871673584,20.649999618530273,20.905000686645508,20.565000534057617,20.709999084472656,11924700,KVUE
2024-03-26,19.770477294921875,20.93000030517578,21.020000457763672,20.639999389648438,20.719999313354492,14484300,KVUE
2024-03-27,20.261667251586914,21.450000762939453,21.459999084472656,20.979999542236328,21.010000228881836,13286700,KVUE
2024-03-28,20.271114349365234,21.459999084472656,21.579999923706055,21.360000610351562,21.579999923706055,14405400,KVUE
2024-04-01,20.05385971069336,21.229999542236328,21.479999542236328,21.110000610351562,21.440000534057617,10457500,KVUE
2024-04-02,19.66657066345215,20.81999969482422,21.299999237060547,20.799999237060547,21.25,15495100,KVUE
2024-04-03,19.21316146850586,20.34000015258789,20.780000686645508,20.229999542236328,20.75,15066200,KVUE
2024-04-04,19.052581787109375,20.170000076293945,20.579999923706055,20.149999618530273,20.510000228881836,12183400,KVUE
2024-04-05,19.12814712524414,20.25,20.309999465942383,20.049999237060547,20.1200008392334,11313100,KVUE
2024-04-08,18.94867706298828,20.059999465942383,20.260000228881836,20.049999237060547,20.25,9262800,KVUE
2024-04-09,19.222612380981445,20.350000381469727,20.450000762939453,19.989999771118164,20.09000015258789,10106700,KVUE
2024-04-10,19.118701934814453,20.239999771118164,20.290000915527344,20.010000228881836,20.139999389648438,11808100,KVUE
2024-04-11,18.372468948364258,19.450000762939453,19.979999542236328,19.350000381469727,19.959999084472656,25410000,KVUE
2024-04-12,18.0701961517334,19.1299991607666,19.540000915527344,19.114999771118164,19.440000534057617,9414800,KVUE
2024-04-15,18.0701961517334,19.1299991607666,19.350000381469727,19.010000228881836,19.299999237060547,13423300,KVUE
2024-04-16,18.05130386352539,19.110000610351562,19.170000076293945,18.850000381469727,19.079999923706055,20306600,KVUE
2024-04-17,18.20244026184082,19.270000457763672,19.350000381469727,19.049999237060547,19.329999923706055,10022900,KVUE
2024-04-18,18.495267868041992,19.579999923706055,19.610000610351562,19.260000228881836,19.3700008392334,11215700,KVUE
2024-04-19,18.495267868041992,19.579999923706055,19.690000534057617,19.385000228881836,19.489999771118164,9506100,KVUE
2024-04-22,18.495267868041992,19.579999923706055,19.709999084472656,19.18000030517578,19.579999923706055,17453800,KVUE
2024-04-23,18.29690170288086,19.3700008392334,19.71500015258789,19.264999389648438,19.600000381469727,19765100,KVUE
2024-04-24,18.0701961517334,19.1299991607666,19.350000381469727,19.104999542236328,19.270000457763672,22713800,KVUE
2024-04-25,17.966291427612305,19.020000457763672,19.295000076293945,18.989999771118164,19.219999313354492,14246300,KVUE
2024-04-26,17.815155029296875,18.860000610351562,19.079999923706055,18.834999084472656,19.0,15454700,KVUE
2024-04-29,18.004074096679688,19.059999465942383,19.075000762939453,18.774999618530273,18.850000381469727,13240500,KVUE
2024-04-30,17.77737045288086,18.81999969482422,19.059999465942383,18.739999771118164,18.90999984741211,26872700,KVUE
2024-05-01,17.805709838867188,18.850000381469727,19.010000228881836,18.639999389648438,18.889999389648438,12771100,KVUE
2024-05-02,18.060752868652344,19.1200008392334,19.260000228881836,18.940000534057617,18.940000534057617,22724700,KVUE
2024-05-03,18.136320114135742,19.200000762939453,19.350000381469727,19.075000762939453,19.09000015258789,15941000,KVUE
2024-05-06,18.022968292236328,19.079999923706055,19.3799991607666,18.934999465942383,19.31999969482422,26549600,KVUE
2024-05-07,19.168495178222656,20.079999923706055,20.229999542236328,19.450000762939453,19.450000762939453,30039600,KVUE
2024-05-08,19.521699905395508,20.450000762939453,20.68000030517578,19.989999771118164,20.079999923706055,24428800,KVUE
2024-05-09,19.60761260986328,20.540000915527344,20.610000610351562,20.364999771118164,20.510000228881836,14394600,KVUE
2024-05-10,19.60761260986328,20.540000915527344,20.614999771118164,20.329999923706055,20.59000015258789,15019500,KVUE
2024-05-13,19.435787200927734,20.360000610351562,20.78499984741211,20.170000076293945,20.299999237060547,20853100,KVUE
2024-05-14,19.693527221679688,20.6299991607666,20.950000762939453,20.389999389648438,20.5,21289500,KVUE
2024-05-15,19.60761260986328,20.540000915527344,20.7450008392334,20.1200008392334,20.200000762939453,97658200,KVUE
2024-05-16,19.66489028930664,20.600000381469727,20.94499969482422,20.514999389648438,20.649999618530273,71519400,KVUE
2024-05-17,19.540790557861328,20.469999313354492,20.739999771118164,20.3799991607666,20.719999313354492,31071000,KVUE
2024-05-20,18.996665954589844,19.899999618530273,20.549999237060547,19.8799991607666,20.5,24636700,KVUE
2024-05-21,19.06348991394043,19.969999313354492,20.100000381469727,19.670000076293945,19.93000030517578,27778900,KVUE
2024-05-22,18.977571487426758,19.8799991607666,20.1299991607666,19.80500030517578,19.8799991607666,15202600,KVUE
2024-05-23,18.557546615600586,19.440000534057617,19.899999618530273,19.3799991607666,19.860000610351562,16089700,KVUE
2024-05-24,18.471633911132812,19.350000381469727,19.549999237060547,19.135000228881836,19.469999313354492,24363700,KVUE
2024-05-28,18.376171112060547,19.25,19.40999984741211,19.100000381469727,19.209999084472656,16231100,KVUE
2024-05-29,18.0134220123291,18.8700008392334,19.18000030517578,18.850000381469727,19.059999465942383,13001900,KVUE
2024-05-30,18.127975463867188,18.989999771118164,19.1200008392334,18.84000015258789,18.8700008392334,17340100,KVUE
2024-05-31,18.42390251159668,19.299999237060547,19.34000015258789,18.8700008392334,19.010000228881836,31659300,KVUE
2024-06-03,18.366626739501953,19.239999771118164,19.469999313354492,19.1200008392334,19.139999389648438,15902600,KVUE
2024-06-04,18.280710220336914,19.149999618530273,19.260000228881836,18.915000915527344,19.260000228881836,18523500,KVUE
2024-06-05,18.127975463867188,18.989999771118164,19.18000030517578,18.81999969482422,19.06999969482422,20674500,KVUE
2024-06-06,17.78431510925293,18.6299991607666,18.979999542236328,18.520000457763672,18.850000381469727,27907800,KVUE
2024-06-07,17.55521011352539,18.389999389648438,18.760000228881836,18.3700008392334,18.68000030517578,17923400,KVUE
2024-06-10,17.45975112915039,18.290000915527344,18.40999984741211,18.084999084472656,18.280000686645508,16438100,KVUE
2024-06-11,17.63157844543457,18.469999313354492,18.479999542236328,18.09000015258789,18.209999084472656,23197400,KVUE
2024-06-12,17.144729614257812,17.959999084472656,18.600000381469727,17.899999618530273,18.5,19717800,KVUE
2024-06-13,17.2115535736084,18.030000686645508,18.15999984741211,17.83300018310547,18.0,14768100,KVUE
2024-06-14,17.24973487854004,18.06999969482422,18.079999923706055,17.75,17.889999389648438,15356100,KVUE
2024-06-17,17.93705177307129,18.790000915527344,18.81999969482422,17.959999084472656,17.959999084472656,20146700,KVUE
2024-06-18,17.67930793762207,18.520000457763672,18.885000228881836,18.399999618530273,18.780000686645508,21747100,KVUE
2024-06-20,17.984783172607422,18.84000015258789,18.860000610351562,18.549999237060547,18.649999618530273,24977100,KVUE
2024-06-21,17.68885612487793,18.530000686645508,18.989999771118164,18.399999618530273,18.90999984741211,63084700,KVUE
2024-06-24,18.04206085205078,18.899999618530273,18.979999542236328,18.684999465942383,18.81999969482422,19862800,KVUE
2024-06-25,17.80340576171875,18.649999618530273,18.8700008392334,18.520000457763672,18.780000686645508,15046800,KVUE
2024-06-26,17.746129989624023,18.59000015258789,18.610000610351562,18.260000228881836,18.5,16542100,KVUE
2024-06-27,17.58384895324707,18.420000076293945,18.6200008392334,18.329999923706055,18.559999465942383,18657600,KVUE
2024-06-28,17.35474395751953,18.18000030517578,18.59000015258789,18.040000915527344,18.43000030517578,57323300,KVUE
2024-07-01,17.13518714904785,17.950000762939453,18.395000457763672,17.885000228881836,18.229999542236328,21089800,KVUE
2024-07-02,17.412019729614258,18.239999771118164,18.260000228881836,17.989999771118164,18.010000228881836,14781800,KVUE
2024-07-03,17.47884178161621,18.309999465942383,18.415000915527344,18.200000762939453,18.3799991607666,5859500,KVUE
2024-07-05,17.47884178161621,18.309999465942383,18.31999969482422,18.139999389648438,18.280000686645508,12172600,KVUE
2024-07-08,17.421566009521484,18.25,18.290000915527344,18.0,18.290000915527344,15968400,KVUE
2024-07-09,17.392927169799805,18.219999313354492,18.299999237060547,17.975000381469727,18.260000228881836,12147200,KVUE
2024-07-10,16.896530151367188,17.700000762939453,18.239999771118164,17.674999237060547,18.139999389648438,24692600,KVUE
2024-07-11,17.106548309326172,17.920000076293945,17.940000534057617,17.670000076293945,17.770000457763672,35772200,KVUE
2024-07-12,17.50748062133789,18.34000015258789,18.40999984741211,17.959999084472656,18.110000610351562,12523500,KVUE
2024-07-15,17.287921905517578,18.110000610351562,18.389999389648438,18.09000015258789,18.34000015258789,14171600,KVUE
2024-07-16,17.421566009521484,18.25,18.360000610351562,18.0049991607666,18.049999237060547,15408300,KVUE
2024-07-17,17.60293960571289,18.440000534057617,18.770000457763672,18.270000457763672,18.270000457763672,17834900,KVUE
2024-07-18,17.488388061523438,18.31999969482422,18.75,18.309999465942383,18.450000762939453,14131000,KVUE
2024-07-19,17.421566009521484,18.25,18.489999771118164,18.155000686645508,18.459999084472656,15412400,KVUE
2024-07-22,17.40247344970703,18.229999542236328,18.270000457763672,18.0,18.209999084472656,15788700,KVUE
2024-07-23,17.1160945892334,17.93000030517578,18.229999542236328,17.90999984741211,18.09000015258789,12491000,KVUE
2024-07-24,17.345197677612305,18.170000076293945,18.25,17.850000381469727,17.920000076293945,9390800,KVUE
2024-07-25,17.421566009521484,18.25,18.709999084472656,18.239999771118164,18.329999923706055,11082200,KVUE
2024-07-26,17.841590881347656,18.690000534057617,18.78499984741211,18.309999465942383,18.3700008392334,11484600,KVUE
2024-07-29,17.946596145629883,18.799999237060547,18.899999618530273,18.520000457763672,18.649999618530273,12564800,KVUE
2024-07-30,17.898866653442383,18.75,18.809999465942383,18.30500030517578,18.520000457763672,12381300,KVUE
2024-07-31,17.65066909790039,18.489999771118164,18.760000228881836,18.360000610351562,18.670000076293945,42056200,KVUE
2024-08-01,17.78431510925293,18.6299991607666,18.700000762939453,18.389999389648438,18.670000076293945,12817600,KVUE
2024-08-02,17.965688705444336,18.81999969482422,18.84000015258789,18.420000076293945,18.649999618530273,17688600,KVUE
2024-08-05,17.364290237426758,18.190000534057617,18.8700008392334,18.104999542236328,18.709999084472656,21724900,KVUE
2024-08-06,19.913087844848633,20.860000610351562,20.920000076293945,19.910999298095703,20.149999618530273,44403600,KVUE
2024-08-07,19.68398094177246,20.6200008392334,21.049999237060547,20.450000762939453,20.690000534057617,24344700,KVUE
2024-08-08,20.285383224487305,21.25,21.364999771118164,20.40999984741211,20.56999969482422,21849700,KVUE
2024-08-09,20.065826416015625,21.020000457763672,21.235000610351562,20.915000915527344,21.200000762939453,20636700,KVUE
2024-08-12,20.132648468017578,21.09000015258789,21.155000686645508,20.84000015258789,21.079999923706055,17481100,KVUE
2024-08-13,20.371299743652344,21.34000015258789,21.489999771118164,21.1200008392334,21.139999389648438,16625400,KVUE
2024-08-14,20.414674758911133,21.18000030517578,21.469999313354492,21.1200008392334,21.15999984741211,16462400,KVUE
2024-08-15,20.79058074951172,21.56999969482422,21.6200008392334,21.18000030517578,21.190000534057617,10727900,KVUE
2024-08-16,20.886966705322266,21.670000076293945,21.709999084472656,21.360000610351562,21.440000534057617,11269800,KVUE
2024-08-19,20.858051300048828,21.639999389648438,21.920000076293945,21.6299991607666,21.729999542236328,10019600,KVUE
2024-08-20,20.771303176879883,21.549999237060547,21.709999084472656,21.395000457763672,21.639999389648438,11291400,KVUE
2024-08-21,20.9062442779541,21.690000534057617,21.850000381469727,21.56999969482422,21.649999618530273,8446800,KVUE
2024-08-22,20.78093910217285,21.559999465942383,21.764999389648438,21.229999542236328,21.690000534057617,12239500,KVUE
2024-08-23,21.03154754638672,21.81999969482422,21.905000686645508,21.600000381469727,21.610000610351562,6785500,KVUE
2024-08-26,21.166486740112305,21.959999084472656,22.05500030517578,21.80500030517578,21.860000610351562,9431500,KVUE
2024-08-27,21.127933502197266,21.920000076293945,22.09000015258789,21.739999771118164,22.0,10096300,KVUE
2024-08-28,20.93515968322754,21.719999313354492,21.957000732421875,21.59000015258789,21.950000762939453,7896100,KVUE
2024-08-29,20.964075088500977,21.75,21.93000030517578,21.530000686645508,21.809999465942383,12053500,KVUE
2024-08-30,21.156850814819336,21.950000762939453,21.954999923706055,21.719999313354492,21.829999923706055,14008500,KVUE
2024-09-03,21.301427841186523,22.100000381469727,22.239999771118164,21.649999618530273,21.75,13879900,KVUE
2024-09-04,21.696613311767578,22.510000228881836,22.6299991607666,22.0,22.040000915527344,22620800,KVUE
2024-09-05,21.696613311767578,22.510000228881836,22.68000030517578,22.3799991607666,22.559999465942383,15490300,KVUE
2024-09-06,22.033966064453125,22.860000610351562,23.0,22.5,22.510000228881836,18883300,KVUE
2024-09-09,22.361682891845703,23.200000762939453,23.229999542236328,22.6299991607666,22.8700008392334,21843100,KVUE
2024-09-10,22.217098236083984,23.049999237060547,23.465999603271484,22.889999389648438,23.15999984741211,15021200,KVUE
2024-09-11,22.25565528869629,23.09000015258789,23.229999542236328,22.674999237060547,23.149999618530273,12941500,KVUE
2024-09-12,22.246015548706055,23.079999923706055,23.190000534057617,22.770000457763672,23.100000381469727,9269900,KVUE
2024-09-13,22.544815063476562,23.389999389648438,23.40999984741211,23.040000915527344,23.15999984741211,11090800,KVUE
2024-09-16,22.53517723083496,23.3799991607666,23.549999237060547,23.170000076293945,23.5,9220800,KVUE
2024-09-17,22.544815063476562,23.389999389648438,23.520000457763672,23.149999618530273,23.469999313354492,13263700,KVUE
2024-09-18,22.35204315185547,23.190000534057617,23.520000457763672,23.075000762939453,23.440000534057617,15225500,KVUE
2024-09-19,22.072519302368164,22.899999618530273,23.450000762939453,22.885000228881836,23.34000015258789,13622500,KVUE
2024-09-20,22.188186645507812,23.020000457763672,23.030000686645508,22.709999084472656,22.829999923706055,75871900,KVUE
2024-09-23,22.188186645507812,23.020000457763672,23.149999618530273,22.760000228881836,22.829999923706055,20080800,KVUE
2024-09-24,22.274932861328125,23.110000610351562,23.19499969482422,22.795000076293945,23.030000686645508,14365300,KVUE
2024-09-25,22.168909072875977,23.0,23.33300018310547,22.940000534057617,23.209999084472656,12625600,KVUE
2024-09-26,22.294208526611328,23.1299991607666,23.290000915527344,23.030000686645508,23.149999618530273,12504500,KVUE
2024-09-27,22.419513702392578,23.260000228881836,23.434999465942383,23.030000686645508,23.139999389648438,12450000,KVUE
2024-09-30,22.294208526611328,23.1299991607666,23.489999771118164,23.075000762939453,23.360000610351562,17088300,KVUE
2024-10-01,21.956857681274414,22.780000686645508,23.18000030517578,22.68000030517578,23.170000076293945,13640500,KVUE
2024-10-02,21.812278747558594,22.6299991607666,22.729999542236328,22.399999618530273,22.700000762939453,16504900,KVUE
2024-10-03,21.465286254882812,22.270000457763672,22.549999237060547,22.25,22.479999542236328,10312400,KVUE
2024-10-04,21.35926055908203,22.15999984741211,22.35099983215332,22.1200008392334,22.299999237060547,8451600,KVUE
2024-10-07,21.195404052734375,21.989999771118164,22.235000610351562,21.8799991607666,22.209999084472656,9859300,KVUE
2024-10-08,21.060462951660156,21.850000381469727,22.075000762939453,21.760000228881836,22.06999969482422,11377100,KVUE
2024-10-09,20.75202751159668,21.530000686645508,21.885000228881836,21.5,21.81999969482422,10437800,KVUE
2024-10-10,20.549612045288086,21.31999969482422,21.600000381469727,21.25,21.540000915527344,11911600,KVUE
2024-10-11,20.684555053710938,21.459999084472656,21.510000228881836,21.309999465942383,21.389999389648438,14513000,KVUE
2024-10-14,20.81949806213379,21.600000381469727,21.684999465942383,21.290000915527344,21.360000610351562,18677100,KVUE
2024-10-15,20.97371482849121,21.760000228881836,21.985000610351562,21.540000915527344,21.59000015258789,11925300,KVUE
2024-10-16,20.94479751586914,21.729999542236328,21.850000381469727,21.6200008392334,21.65999984741211,13919600,KVUE
2024-10-17,20.674917221069336,21.450000762939453,21.84000015258789,21.3700008392334,21.84000015258789,12260700,KVUE
2024-10-18,20.93515968322754,21.719999313354492,21.739999771118164,21.385000228881836,21.510000228881836,13309700,KVUE
2024-10-21,22.091796875,22.920000076293945,23.389999389648438,22.799999237060547,22.950000762939453,38291800,KVUE
2024-10-22,22.101438522338867,22.93000030517578,23.049999237060547,22.530000686645508,22.549999237060547,18080900,KVUE
2024-10-23,21.937580108642578,22.760000228881836,22.954999923706055,22.510000228881836,22.81999969482422,10664000,KVUE
2024-10-24,22.139991760253906,22.969999313354492,23.09000015258789,22.774999618530273,22.899999618530273,11664200,KVUE
2024-10-25,21.821916580200195,22.639999389648438,23.020000457763672,22.6299991607666,22.959999084472656,8395700,KVUE
2024-10-28,22.053241729736328,22.8799991607666,22.889999389648438,22.575000762939453,22.850000381469727,10540300,KVUE
2024-10-29,21.956857681274414,22.780000686645508,22.909000396728516,22.6299991607666,22.719999313354492,13109200,KVUE
2024-10-30,22.062883377075195,22.889999389648438,22.989999771118164,22.559999465942383,22.649999618530273,15919800,KVUE
2024-10-31,22.101438522338867,22.93000030517578,23.165000915527344,22.611000061035156,22.68000030517578,34406400,KVUE
2024-11-01,21.908662796020508,22.729999542236328,23.094999313354492,22.719999313354492,22.860000610351562,15528900,KVUE
2024-11-04,22.20746421813965,23.040000915527344,23.225000381469727,22.739999771118164,22.809999465942383,17341800,KVUE
2024-11-05,22.390596389770508,23.229999542236328,23.56999969482422,22.920000076293945,22.940000534057617,17781300,KVUE
2024-11-06,21.686975479125977,22.5,23.549999237060547,22.30500030517578,23.549999237060547,16727100,KVUE
2024-11-07,22.139991760253906,22.969999313354492,23.385000228881836,22.040000915527344,22.170000076293945,28744400,KVUE
2024-11-08,22.824337005615234,23.68000030517578,23.719999313354492,22.84000015258789,22.8700008392334,16635100,KVUE
2024-11-11,22.920724868774414,23.780000686645508,23.8799991607666,23.489999771118164,23.760000228881836,13838400,KVUE
2024-11-12,22.795419692993164,23.649999618530273,23.950000762939453,23.631999969482422,23.760000228881836,10714200,KVUE
2024-11-13,22.498870849609375,23.139999389648438,23.600000381469727,23.040000915527344,23.450000762939453,16481200,KVUE
2024-11-14,22.95585060119629,23.610000610351562,23.75,23.1299991607666,23.219999313354492,14017300,KVUE
2024-11-15,23.160030364990234,23.81999969482422,24.1299991607666,23.440000534057617,23.520000457763672,16166900,KVUE
2024-11-18,23.06279945373535,23.719999313354492,24.0049991607666,23.670000076293945,23.80500030517578,14591600,KVUE
2024-11-19,23.033632278442383,23.690000534057617,23.799999237060547,23.239999771118164,23.59000015258789,9838300,KVUE
2024-11-20,23.12114143371582,23.780000686645508,23.780000686645508,23.562000274658203,23.65999984741211,7418800,KVUE
2024-11-21,23.422548294067383,24.09000015258789,24.239999771118164,23.690000534057617,23.790000915527344,8331200,KVUE
2024-11-22,23.412826538085938,24.079999923706055,24.309999465942383,24.000999450683594,24.25,10505900,KVUE
2024-11-25,23.56839370727539,24.239999771118164,24.399999618530273,23.985000610351562,24.2450008392334,26971900,KVUE
2024-11-26,23.451719284057617,24.1200008392334,24.459999084472656,23.940000534057617,24.274999618530273,12315700,KVUE
2024-11-27,23.461441040039062,24.1299991607666,24.405000686645508,24.049999237060547,24.209999084472656,11666900,KVUE
2024-11-29,23.412826538085938,24.079999923706055,24.239999771118164,23.8799991607666,24.0,7516500,KVUE
2024-12-02,23.587839126586914,24.260000228881836,24.270000457763672,23.875,24.110000610351562,10173800,KVUE
2024-12-03,22.829448699951172,23.479999542236328,24.229999542236328,23.43000030517578,24.1299991607666,13665700,KVUE
2024-12-04,22.5183162689209,23.15999984741211,23.524999618530273,22.174999237060547,23.450000762939453,27219800,KVUE
2024-12-05,22.489147186279297,23.1299991607666,23.459999084472656,23.0,23.389999389648438,13914400,KVUE
2024-12-06,22.207181930541992,22.84000015258789,23.350000381469727,22.81999969482422,23.239999771118164,9708800,KVUE
2024-12-09,22.17801284790039,22.809999465942383,23.260000228881836,22.739999771118164,23.0,15267200,KVUE
2024-12-10,22.109952926635742,22.739999771118164,22.975000381469727,22.389999389648438,22.770000457763672,10492300,KVUE
2024-12-11,21.604360580444336,22.219999313354492,22.774999618530273,22.190000534057617,22.75,9433200,KVUE
2024-12-12,21.701589584350586,22.31999969482422,22.635000228881836,21.763999938964844,21.979999542236328,14949900,KVUE
2024-12-13,21.59463882446289,22.209999084472656,22.309999465942383,21.940000534057617,22.280000686645508,9184000,KVUE
2024-12-16,21.45851707458496,22.06999969482422,22.475000381469727,22.049999237060547,22.329999923706055,7786300,KVUE
2024-12-17,21.429349899291992,22.040000915527344,22.174999237060547,21.860000610351562,22.100000381469727,10278500,KVUE
2024-12-18,20.914031982421875,21.510000228881836,22.170000076293945,21.469999313354492,22.0,15271800,KVUE
2024-12-19,21.011262893676758,21.610000610351562,21.760000228881836,21.420000076293945,21.520000457763672,13048400,KVUE
2024-12-20,21.166828155517578,21.770000457763672,21.969999313354492,21.469999313354492,21.520000457763672,22915000,KVUE
2024-12-23,20.9918155670166,21.59000015258789,21.826000213623047,21.530000686645508,21.709999084472656,13256800,KVUE
2024-12-24,20.962646484375,21.559999465942383,21.639999389648438,21.3700008392334,21.479999542236328,9164900,KVUE
2024-12-26,21.118213653564453,21.719999313354492,21.770000457763672,21.440000534057617,21.5,5970300,KVUE
2024-12-27,20.933481216430664,21.530000686645508,21.80500030517578,21.530000686645508,21.59000015258789,9833600,KVUE
2024-12-30,20.593175888061523,21.18000030517578,21.459999084472656,21.18000030517578,21.43000030517578,7123700,KVUE
2024-12-31,20.758464813232422,21.350000381469727,21.43000030517578,21.219999313354492,21.25,6934200,KVUE
2025-01-02,20.690406799316406,21.280000686645508,21.579999923706055,21.149999618530273,21.520000457763672,8253900,KVUE
2025-01-03,20.61262321472168,21.200000762939453,21.350000381469727,21.094999313354492,21.31999969482422,6079200,KVUE
2025-01-06,20.525117874145508,21.110000610351562,21.600000381469727,21.059999465942383,21.600000381469727,10740100,KVUE
2025-01-07,20.466777801513672,21.049999237060547,21.31999969482422,20.940000534057617,21.149999618530273,8828800,KVUE
2025-01-08,20.515392303466797,21.100000381469727,21.110000610351562,20.729999542236328,20.989999771118164,7579300,KVUE
2025-01-10,20.272319793701172,20.850000381469727,20.965999603271484,20.68000030517578,20.899999618530273,11057100,KVUE
2025-01-13,20.388994216918945,20.969999313354492,21.09000015258789,20.700000762939453,20.829999923706055,12682000,KVUE
2025-01-14,20.44733238220215,21.030000686645508,21.125,20.93000030517578,20.979999542236328,7275900,KVUE
2025-01-15,20.272319793701172,20.850000381469727,21.257999420166016,20.760000228881836,21.190000534057617,10050000,KVUE
2025-01-16,20.60289764404297,21.190000534057617,21.21500015258789,20.719999313354492,20.739999771118164,8810500,KVUE
2025-01-17,20.515392303466797,21.100000381469727,21.344999313354492,21.030000686645508,21.200000762939453,11267000,KVUE
2025-01-21,20.223703384399414,20.799999237060547,21.219999313354492,20.610000610351562,21.200000762939453,19203400,KVUE
2025-01-22,20.17508888244629,20.75,20.850000381469727,20.600000381469727,20.799999237060547,19218300,KVUE
2025-01-23,20.17508888244629,20.75,20.81999969482422,20.485000610351562,20.719999313354492,12575000,KVUE
2025-01-24,20.204259872436523,20.780000686645508,20.860000610351562,20.71500015258789,20.790000915527344,12092500,KVUE
2025-01-27,20.845970153808594,21.440000534057617,21.540000915527344,21.075000762939453,21.1200008392334,15342800,KVUE
2025-01-28,20.768190383911133,21.360000610351562,21.649999618530273,21.31999969482422,21.399999618530273,13831600,KVUE
2025-01-29,20.719573974609375,21.309999465942383,21.510000228881836,21.209999084472656,21.440000534057617,12249200,KVUE
2025-01-30,21.118213653564453,21.719999313354492,21.770000457763672,21.3799991607666,21.5,11733100,KVUE
2025-01-31,20.700130462646484,21.290000915527344,21.6299991607666,21.274999618530273,21.40999984741211,16433400,KVUE
2025-02-03,20.641788482666016,21.229999542236328,21.274999618530273,21.049999237060547,21.18000030517578,9693600,KVUE
2025-02-04,20.23342514038086,20.809999465942383,21.1200008392334,20.739999771118164,20.90999984741211,11813700,KVUE
2025-02-05,20.16536521911621,20.739999771118164,21.049999237060547,20.59000015258789,21.0,19231100,KVUE
2025-02-06,19.25140953063965,19.799999237060547,21.100000381469727,19.75,20.53499984741211,25808800,KVUE
2025-02-07,19.620882034301758,20.18000030517578,20.229999542236328,19.84000015258789,19.899999618530273,17734300,KVUE
2025-02-10,20.009798049926758,20.579999923706055,20.739999771118164,20.200000762939453,20.270000457763672,14043000,KVUE
2025-02-11,20.330656051635742,20.90999984741211,20.959999084472656,20.530000686645508,20.59000015258789,10921800,KVUE
2025-02-12,20.581045150756836,20.959999084472656,21.024999618530273,20.500999450683594,20.530000686645508,10317000,KVUE
2025-02-13,21.06218910217285,21.450000762939453,21.584999084472656,20.8799991607666,20.899999618530273,14062000,KVUE
2025-02-14,21.533510208129883,21.93000030517578,22.139999389648438,21.354999542236328,21.469999313354492,27015700,KVUE
2025-02-18,21.602243423461914,22.0,22.200000762939453,21.725000381469727,21.790000915527344,14108300,KVUE
2025-02-19,21.86736297607422,22.270000457763672,22.315000534057617,21.790000915527344,22.1299991607666,14198000,KVUE
2025-02-20,21.985191345214844,22.389999389648438,22.579999923706055,21.885000228881836,22.270000457763672,19044800,KVUE
2025-02-21,22.89837646484375,23.31999969482422,23.440000534057617,22.34000015258789,22.360000610351562,25663000,KVUE
2025-02-24,22.878738403320312,23.299999237060547,23.53499984741211,22.950000762939453,23.299999237060547,18229000,KVUE
2025-02-25,22.94747543334961,23.3700008392334,23.700000762939453,23.225000381469727,23.299999237060547,22641600,KVUE
2025-02-26,22.800186157226562,23.219999313354492,23.440000534057617,22.895000457763672,23.399999618530273,14615800,KVUE
2025-02-27,22.72163200378418,23.139999389648438,23.2450008392334,22.829999923706055,23.059999465942383,15159100,KVUE
2025-02-28,23.173315048217773,23.600000381469727,23.6299991607666,23.145000457763672,23.25,30981700,KVUE
2025-03-03,23.359880447387695,23.790000915527344,23.889999389648438,23.469999313354492,23.5,12834400,KVUE
2025-03-04,22.996570587158203,23.420000076293945,24.360000610351562,23.40999984741211,23.920000076293945,15368100,KVUE
2025-03-05,22.623441696166992,23.040000915527344,23.479999542236328,22.825000762939453,23.43000030517578,17384400,KVUE
2025-03-06,22.760910034179688,23.18000030517578,23.239999771118164,22.940000534057617,23.09000015258789,9739200,KVUE
2025-03-07,22.996570587158203,23.420000076293945,23.610000610351562,23.020000457763672,23.030000686645508,14446300,KVUE
2025-03-10,23.487531661987305,23.920000076293945,24.354999542236328,23.440000534057617,23.530000686645508,18035100,KVUE
2025-03-11,23.065303802490234,23.489999771118164,24.149999618530273,23.3799991607666,24.049999237060547,16475100,KVUE
2025-03-12,22.65289878845215,23.06999969482422,23.299999237060547,22.774999618530273,23.079999923706055,13897400,KVUE
2025-03-13,22.760910034179688,23.18000030517578,23.350000381469727,22.940000534057617,23.100000381469727,16433800,KVUE
2025-03-14,22.397598266601562,22.809999465942383,23.25,22.71500015258789,23.219999313354492,15798900,KVUE
2025-03-17,22.98674964904785,23.40999984741211,23.655000686645508,22.788000106811523,22.969999313354492,16372400,KVUE
2025-03-18,22.91801643371582,23.34000015258789,23.68000030517578,23.290000915527344,23.399999618530273,16840600,KVUE
2025-03-19,23.104581832885742,23.530000686645508,23.530000686645508,23.149999618530273,23.190000534057617,9646900,KVUE
2025-03-20,22.967111587524414,23.389999389648438,23.670000076293945,23.225000381469727,23.440000534057617,16508300,KVUE
2025-03-21,22.888559341430664,23.309999465942383,23.3799991607666,22.959999084472656,23.299999237060547,35334700,KVUE
2025-03-24,22.94747543334961,23.3700008392334,23.59000015258789,23.09000015258789,23.149999618530273,13187600,KVUE
2025-03-25,22.682355880737305,23.100000381469727,23.489999771118164,22.969999313354492,23.469999313354492,14987800,KVUE
2025-03-26,22.976932525634766,23.399999618530273,23.420000076293945,22.799999237060547,23.100000381469727,9473400,KVUE
2025-03-27,23.075124740600586,23.5,23.698999404907227,23.40999984741211,23.459999084472656,13790600,KVUE
2025-03-28,23.271509170532227,23.700000762939453,23.770000457763672,23.430999755859375,23.600000381469727,14401300,KVUE
2025-03-31,23.546443939208984,23.979999542236328,24.03499984741211,23.6200008392334,23.84000015258789,16360100,KVUE
2025-04-01,23.448251724243164,23.8799991607666,24.040000915527344,23.760000228881836,24.020000457763672,11113800,KVUE
2025-04-02,23.438434600830078,23.8700008392334,24.075000762939453,23.610000610351562,23.850000381469727,14093800,KVUE
2025-04-03,23.192955017089844,23.6200008392334,24.229999542236328,23.325000762939453,24.0,21704000,KVUE
2025-04-04,21.9262752532959,22.329999923706055,23.780000686645508,22.270000457763672,23.670000076293945,17771400,KVUE
2025-04-07,21.376401901245117,21.770000457763672,22.46500015258789,21.3700008392334,22.010000228881836,26882400,KVUE
2025-04-08,21.101463317871094,21.489999771118164,22.219999313354492,21.28499984741211,22.100000381469727,13443000,KVUE
2025-04-09,21.386220932006836,21.780000686645508,22.15999984741211,20.959999084472656,21.209999084472656,22036500,KVUE
2025-04-10,21.474594116210938,21.8700008392334,22.110000610351562,21.40999984741211,21.700000762939453,16963500,KVUE
2025-04-11,21.690616607666016,22.09000015258789,22.235000610351562,21.6299991607666,21.979999542236328,13221700,KVUE
2025-04-14,22.299406051635742,22.709999084472656,22.888999938964844,22.190000534057617,22.3700008392334,16487900,KVUE
2025-04-15,22.495790481567383,22.90999984741211,23.1200008392334,22.559999465942383,22.709999084472656,22262800,KVUE
2025-04-16,22.31904411315918,22.729999542236328,23.209999084472656,22.6200008392334,23.059999465942383,28527600,KVUE
2025-04-17,22.967111587524414,23.389999389648438,23.530000686645508,22.719999313354492,22.719999313354492,22595700,KVUE
2025-04-21,21.86736297607422,22.270000457763672,23.3799991607666,22.020000457763672,23.329999923706055,20885900,KVUE
2025-04-22,22.770729064941406,23.190000534057617,23.225000381469727,22.440000534057617,22.559999465942383,25918800,KVUE
2025-04-23,22.52524757385254,22.940000534057617,23.190000534057617,22.739999771118164,22.96500015258789,13015000,KVUE
2025-04-24,22.33868408203125,22.75,22.940000534057617,22.540000915527344,22.920000076293945,15417600,KVUE
2025-04-25,22.593982696533203,23.010000228881836,23.459999084472656,22.385000228881836,22.8799991607666,22249600,KVUE
2025-04-28,22.692174911499023,23.110000610351562,23.229999542236328,22.899999618530273,22.979999542236328,12011900,KVUE
2025-04-29,22.957292556762695,23.3799991607666,23.440000534057617,22.600000381469727,22.979999542236328,13526300,KVUE
2025-04-30,23.173315048217773,23.600000381469727,23.719999313354492,23.184999465942383,23.5,15990400,KVUE
2025-05-01,23.526805877685547,23.959999084472656,24.040000915527344,23.15999984741211,23.350000381469727,15132800,KVUE
2025-05-02,23.546443939208984,23.979999542236328,24.200000762939453,23.670000076293945,24.059999465942383,14097700,KVUE
2025-05-05,23.21259307861328,23.639999389648438,23.979999542236328,23.415000915527344,23.940000534057617,23279500,KVUE
2025-05-06,23.143857955932617,23.56999969482422,23.69499969482422,23.3700008392334,23.479999542236328,15082400,KVUE
2025-05-07,22.692174911499023,23.110000610351562,23.625,23.0049991607666,23.510000228881836,36329100,KVUE
2025-05-08,23.625,24.059999465942383,25.170000076293945,23.969999313354492,24.5,33046700,KVUE
2025-05-09,23.99812889099121,24.440000534057617,24.5,24.010000228881836,24.049999237060547,24395100,KVUE
2025-05-12,23.566083908081055,24.0,24.610000610351562,23.899999618530273,24.260000228881836,15042200,KVUE
2025-05-13,23.23223114013672,23.65999984741211,24.0,23.5,23.899999618530273,17777300,KVUE
2025-05-14,22.97965431213379,23.200000762939453,23.569000244140625,23.09000015258789,23.399999618530273,13383200,KVUE
2025-05-15,23.653194427490234,23.8799991607666,23.9950008392334,23.31999969482422,23.43000030517578,18331200,KVUE
2025-05-16,23.950345993041992,24.18000030517578,24.229999542236328,23.899999618530273,24.020000457763672,20725200,KVUE
2025-05-19,23.77205467224121,24.0,24.270000457763672,23.8799991607666,24.219999313354492,22180000,KVUE
2025-05-20,23.900819778442383,24.1299991607666,24.190000534057617,23.920000076293945,24.0,16356900,KVUE
2025-05-21,23.77205467224121,24.0,24.354999542236328,23.93000030517578,24.079999923706055,15095600,KVUE
2025-05-22,23.276803970336914,23.5,24.030000686645508,23.469999313354492,24.0,13277400,KVUE
2025-05-23,23.504619598388672,23.729999542236328,23.76799964904785,23.405000686645508,23.639999389648438,10164000,KVUE
2025-05-27,23.702720642089844,23.93000030517578,24.0,23.635000228881836,23.860000610351562,11682500,KVUE
2025-05-28,23.32632827758789,23.549999237060547,23.940000534057617,23.399999618530273,23.920000076293945,10980800,KVUE
2025-05-29,23.35604476928711,23.579999923706055,23.725000381469727,23.469999313354492,23.510000228881836,19711500,KVUE
2025-05-30,23.643291473388672,23.8700008392334,23.899999618530273,23.459999084472656,23.68000030517578,30017400,KVUE
2025-06-02,23.445188522338867,23.670000076293945,23.780000686645508,23.350000381469727,23.649999618530273,9774700,KVUE
2025-06-03,21.999055862426758,22.209999084472656,23.6299991607666,21.815000534057617,23.6299991607666,41957100,KVUE
2025-06-04,21.474090576171875,21.68000030517578,22.43000030517578,21.649999618530273,22.280000686645508,25027800,KVUE
2025-06-05,21.444374084472656,21.649999618530273,21.905000686645508,21.34000015258789,21.68000030517578,16854800,KVUE
2025-06-06,21.52361488342285,21.729999542236328,21.90999984741211,21.649999618530273,21.690000534057617,9670500,KVUE
2025-06-09,21.097698211669922,21.299999237060547,21.670000076293945,21.280000686645508,21.59000015258789,20375200,KVUE
2025-06-10,21.315608978271484,21.520000457763672,21.59000015258789,21.30500030517578,21.389999389648438,14937400,KVUE
2025-06-11,21.642475128173828,21.850000381469727,21.854999542236328,21.459999084472656,21.514999389648438,22313400,KVUE
2025-06-12,21.830671310424805,22.040000915527344,22.139999389648438,21.670000076293945,21.75,28059400,KVUE
2025-06-13,21.246274948120117,21.450000762939453,22.065000534057617,21.329999923706055,21.959999084472656,37242900,KVUE
2025-06-16,21.444374084472656,21.649999618530273,22.030000686645508,21.440000534057617,21.649999618530273,16345200,KVUE
2025-06-17,21.236370086669922,21.440000534057617,21.81999969482422,21.420000076293945,21.600000381469727,17940900,KVUE
2025-06-18,21.157129287719727,21.360000610351562,21.540000915527344,21.1200008392334,21.40999984741211,14259300,KVUE
2025-06-20,21.186843872070312,21.389999389648438,21.700000762939453,21.34000015258789,21.389999389648438,24956500,KVUE
2025-06-23,21.167034149169922,21.3700008392334,21.46500015258789,21.030000686645508,21.399999618530273,14174300,KVUE
2025-06-24,20.988744735717773,21.190000534057617,21.489999771118164,21.1200008392334,21.290000915527344,16640400,KVUE
2025-06-25,20.96893310546875,21.170000076293945,21.389999389648438,21.0,21.125,16355800,KVUE
2025-06-26,20.909503936767578,21.110000610351562,21.174999237060547,20.93000030517578,21.1299991607666,16341600,KVUE
2025-06-27,20.681686401367188,20.8799991607666,21.219999313354492,20.809999465942383,21.15999984741211,24150300,KVUE
2025-06-30,20.731212615966797,20.93000030517578,21.010000228881836,20.735000610351562,20.860000610351562,21679400,KVUE
2025-07-01,20.770832061767578,20.969999313354492,21.34000015258789,20.905000686645508,20.940000534057617,17882900,KVUE
2025-07-02,20.70149803161621,20.899999618530273,21.030000686645508,20.690000534057617,20.979999542236328,18186700,KVUE
2025-07-03,20.850072860717773,21.049999237060547,21.125,20.850000381469727,20.989999771118164,6093100,KVUE
2025-07-07,20.70149803161621,20.899999618530273,21.145000457763672,20.809999465942383,21.010000228881836,11616800,KVUE
2025-07-08,20.503398895263672,20.700000762939453,20.850000381469727,20.479999542236328,20.75,16971400,KVUE
2025-07-09,20.562828063964844,20.760000228881836,20.8700008392334,20.510000228881836,20.799999237060547,15930200,KVUE
2025-07-10,20.7213077545166,20.920000076293945,21.100000381469727,20.75,20.790000915527344,12723700,KVUE
2025-07-11,21.137319564819336,21.34000015258789,21.475000381469727,20.645000457763672,20.81999969482422,25967600,KVUE
2025-07-14,21.612760543823242,21.81999969482422,22.59000015258789,20.96500015258789,22.579999923706055,58614500,KVUE
2025-07-15,21.186843872070312,21.389999389648438,21.829999923706055,21.170000076293945,21.575000762939453,31071000,KVUE
2025-07-16,21.642475128173828,21.850000381469727,21.920000076293945,21.290000915527344,21.309999465942383,21829100,KVUE
2025-07-17,21.642475128173828,21.850000381469727,22.020000457763672,21.621000289916992,21.829999923706055,13172800,KVUE
2025-07-18,21.79104995727539,22.0,22.229999542236328,21.908000946044922,21.950000762939453,12727200,KVUE
2025-07-21,21.919815063476562,22.1299991607666,22.299999237060547,21.80299949645996,21.969999313354492,10716600,KVUE
2025-07-22,22.454687118530273,22.670000076293945,22.704999923706055,22.0,22.020000457763672,13673000,KVUE
2025-07-23,22.3259220123291,22.540000915527344,22.783000946044922,22.350000381469727,22.709999084472656,18382400,KVUE
2025-07-24,22.28630256652832,22.5,22.649999618530273,22.415000915527344,22.56999969482422,6740100,KVUE
2025-07-25,22.62307357788086,22.84000015258789,22.8700008392334,22.309999465942383,22.459999084472656,9690400,KVUE
2025-07-28,22.147632598876953,22.360000610351562,22.739999771118164,22.350000381469727,22.6299991607666,9230800,KVUE
2025-07-29,21.959436416625977,22.170000076293945,22.440000534057617,21.530000686645508,22.3799991607666,28088900,KVUE
2025-07-30,21.474090576171875,21.68000030517578,22.350000381469727,21.670000076293945,22.18000030517578,15348500,KVUE
2025-07-31,21.236370086669922,21.440000534057617,21.854999542236328,21.325000762939453,21.479999542236328,29026400,KVUE
2025-08-01,21.384944915771484,21.59000015258789,21.75,21.405000686645508,21.709999084472656,13846400,KVUE
2025-08-04,21.969341278076172,22.18000030517578,22.28499984741211,21.420000076293945,21.440000534057617,32707600,KVUE
2025-08-05,21.43446922302246,21.639999389648438,22.219999313354492,21.639999389648438,22.139999389648438,18068900,KVUE
2025-08-06,21.236370086669922,21.440000534057617,21.780000686645508,21.40999984741211,21.68000030517578,32966700,KVUE
2025-08-07,21.553329467773438,21.760000228881836,21.959999084472656,21.1200008392334,21.3799991607666,30407500,KVUE
2025-08-08,21.137319564819336,21.34000015258789,21.829999923706055,20.959999084472656,21.6200008392334,25925000,KVUE
2025-08-11,21.018457412719727,21.219999313354492,21.440000534057617,20.969999313354492,21.3799991607666,18729400,KVUE
2025-08-12,21.691999435424805,21.899999618530273,21.93000030517578,20.989999771118164,21.25,16072100,KVUE
2025-08-13,21.709999084472656,21.709999084472656,21.954999923706055,21.3799991607666,21.760000228881836,12908800,KVUE
2025-08-14,21.059999465942383,21.059999465942383,21.594999313354492,20.825000762939453,21.559999465942383,17355400,KVUE
2025-08-15,21.200000762939453,21.200000762939453,21.290000915527344,20.9950008392334,21.200000762939453,16054000,KVUE
2025-08-18,21.100000381469727,21.100000381469727,21.290000915527344,20.969999313354492,21.18000030517578,13241000,KVUE
2025-08-19,21.489999771118164,21.489999771118164,21.540000915527344,21.09000015258789,21.200000762939453,13902100,KVUE
2025-08-20,21.6299991607666,21.6299991607666,21.844999313354492,21.399999618530273,21.56999969482422,10076900,KVUE
2025-08-21,21.440000534057617,21.440000534057617,21.59000015258789,21.350000381469727,21.43000030517578,8979400,KVUE
2025-08-22,21.610000610351562,21.610000610351562,21.780000686645508,21.475000381469727,21.510000228881836,8620200,KVUE
2025-08-25,21.190000534057617,21.190000534057617,21.6299991607666,21.15999984741211,21.540000915527344,8122900,KVUE
2025-08-26,20.790000915527344,20.790000915527344,21.399999618530273,20.75,21.260000228881836,18006000,KVUE
2025-08-27,20.75,20.75,20.950000762939453,20.709999084472656,20.780000686645508,16465100,KVUE
2025-08-28,20.540000915527344,20.540000915527344,20.80500030517578,20.43000030517578,20.770000457763672,13467600,KVUE
2025-08-29,20.709999084472656,20.709999084472656,20.760000228881836,20.5,20.549999237060547,10307400,KVUE
2025-09-02,20.780000686645508,20.780000686645508,20.81999969482422,20.59000015258789,20.65999984741211,11719600,KVUE
2025-09-03,20.450000762939453,20.450000762939453,20.78499984741211,20.40999984741211,20.690000534057617,19118200,KVUE
2025-09-04,20.540000915527344,20.540000915527344,20.565000534057617,20.260000228881836,20.530000686645508,16966400,KVUE
2025-09-05,18.6200008392334,18.6200008392334,20.690000534057617,17.145000457763672,20.510000228881836,135445400,KVUE
2025-09-08,18.43000030517578,18.43000030517578,18.93000030517578,18.200000762939453,18.75,56135000,KVUE
2025-09-09,18.8700008392334,18.8700008392334,18.969999313354492,18.1200008392334,18.5,39520400,KVUE
2025-09-10,18.469999313354492,18.469999313354492,18.950000762939453,18.049999237060547,18.8799991607666,25229000,KVUE
2025-09-11,18.850000381469727,18.850000381469727,19.040000915527344,18.40999984741211,18.43000030517578,22265500,KVUE
2025-09-12,18.989999771118164,18.989999771118164,19.420000076293945,18.770000457763672,18.81999969482422,26731000,KVUE
2025-09-15,18.25,18.25,19.010000228881836,18.084999084472656,18.989999771118164,24893300,KVUE
2025-09-16,18.1299991607666,18.1299991607666,18.579999923706055,18.0,18.350000381469727,19689000,KVUE
2025-09-17,18.34000015258789,18.34000015258789,18.614999771118164,18.020000457763672,18.1299991607666,17820400,KVUE
2025-09-18,18.100000381469727,18.100000381469727,18.530000686645508,18.049999237060547,18.18000030517578,27556700,KVUE
2025-09-19,18.34000015258789,18.34000015258789,18.59000015258789,18.045000076293945,18.209999084472656,49475600,KVUE
2025-09-22,16.969999313354492,16.969999313354492,17.959999084472656,16.885000228881836,17.709999084472656,76034200,KVUE
2025-09-23,17.239999771118164,17.239999771118164,18.190000534057617,17.219999313354492,17.899999618530273,68556700,KVUE
2025-09-24,16.860000610351562,16.860000610351562,17.510000228881836,16.531999588012695,17.510000228881836,52306400,KVUE
2025-09-25,16.170000076293945,16.170000076293945,17.030000686645508,16.139999389648438,16.959999084472656,61109000,KVUE
2025-09-26,16.420000076293945,16.420000076293945,16.559999465942383,16.06999969482422,16.420000076293945,51681100,KVUE
2025-09-29,16.34000015258789,16.34000015258789,16.600000381469727,16.1299991607666,16.5,39463500,KVUE
2025-09-30,16.229999542236328,16.229999542236328,16.520000457763672,16.15999984741211,16.360000610351562,37973600,KVUE
