date,open,high,low,close,adj_close,volume,ticker
2023-05-04,25.530000686645508,26.979999542236328,25.25,26.899999618530273,24.67997169494629,77004200.0,KVUE
2023-05-05,26.65999984741211,27.030000686645508,26.209999084472656,26.5,24.3129825592041,11292000.0,KVUE
2023-05-08,26.329999923706055,26.850000381469727,25.90999984741211,26.510000228881836,24.32215881347656,6308300.0,KVUE
2023-05-09,26.510000228881836,26.84000015258789,26.06999969482422,26.280000686645508,24.11113929748535,4684000.0,KVUE
2023-05-10,26.280000686645508,26.770000457763672,26.010000228881836,26.25,24.0836181640625,9602400.0,KVUE
2023-05-11,26.030000686645508,26.329999923706055,26.0,26.0,23.854248046875,5687300.0,KVUE
2023-05-12,26.020000457763672,26.6200008392334,25.899999618530273,26.5,24.3129825592041,5433800.0,KVUE
2023-05-15,26.5,27.795000076293945,26.5,27.5,25.230453491210938,7083200.0,KVUE
2023-05-16,27.540000915527344,27.770000457763672,26.989999771118164,27.030000686645508,24.799243927001953,3818400.0,KVUE
2023-05-17,27.299999237060547,27.700000762939453,26.600000381469727,27.219999313354492,24.973562240600582,3392200.0,KVUE
2023-05-18,27.219999313354492,27.350000381469727,26.700000762939453,27.040000915527344,24.808420181274418,2648100.0,KVUE
2023-05-19,27.040000915527344,27.25900077819824,26.690000534057617,27.229999542236328,24.982736587524418,1794300.0,KVUE
2023-05-22,27.329999923706055,27.43000030517578,25.959999084472656,26.06999969482422,23.91847038269043,7509400.0,KVUE
2023-05-23,26.010000228881836,26.260000228881836,25.809999465942383,26.0,23.854248046875,2485000.0,KVUE
2023-05-24,26.010000228881836,26.549999237060547,25.86000061035156,26.450000762939453,24.26711082458496,1953600.0,KVUE
2023-05-25,26.5,26.63999938964844,25.899999618530273,26.329999923706055,24.15701675415039,2139400.0,KVUE
2023-05-26,26.43000030517578,26.43000030517578,26.200000762939453,26.299999237060547,24.129486083984375,844100.0,KVUE
2023-05-30,26.280000686645508,26.5,25.1299991607666,25.729999542236328,23.606529235839844,6340200.0,KVUE
2023-05-31,25.6200008392334,25.6200008392334,24.989999771118164,25.09000015258789,23.01934814453125,6347800.0,KVUE
2023-06-01,25.299999237060547,25.63999938964844,24.75,25.280000686645508,23.19367218017578,6072700.0,KVUE
2023-06-02,25.260000228881836,25.700000762939453,24.969999313354492,25.549999237060547,23.44138526916504,2329400.0,KVUE
2023-06-05,25.579999923706055,25.770000457763672,24.829999923706055,25.149999618530273,23.074398040771484,4737300.0,KVUE
2023-06-06,25.0,25.38999938964844,24.899999618530273,25.170000076293945,23.09274673461914,1315000.0,KVUE
2023-06-07,25.100000381469727,25.2549991607666,24.90999984741211,25.079999923706055,23.010173797607425,1626600.0,KVUE
2023-06-08,24.989999771118164,25.15999984741211,24.809999465942383,25.11000061035156,23.03769874572754,2711800.0,KVUE
2023-06-09,25.049999237060547,25.15999984741211,24.850000381469727,25.100000381469727,23.02852249145508,1874000.0,KVUE
2023-06-12,25.010000228881836,25.200000762939453,24.75,25.020000457763672,22.95512962341309,2619800.0,KVUE
2023-06-13,24.989999771118164,25.219999313354492,24.959999084472656,25.1299991607666,23.05604553222656,2039800.0,KVUE
2023-06-14,25.1299991607666,25.489999771118164,25.1200008392334,25.34000015258789,23.248716354370117,2412000.0,KVUE
2023-06-15,25.399999618530273,25.950000762939453,25.18000030517578,25.75,23.6248836517334,1442900.0,KVUE
2023-06-16,25.850000381469727,26.260000228881836,25.700000762939453,26.25,24.0836181640625,2333000.0,KVUE
2023-06-20,25.950000762939453,26.3799991607666,25.940000534057617,26.059999465942383,23.9092960357666,1487500.0,KVUE
2023-06-21,26.190000534057617,26.700000762939453,25.770000457763672,26.200000762939453,24.037744522094727,3605900.0,KVUE
2023-06-22,26.200000762939453,26.600000381469727,26.198999404907227,26.549999237060547,24.358858108520508,1130700.0,KVUE
2023-06-23,26.549999237060547,26.739999771118164,26.270000457763672,26.479999542236328,24.294631958007812,2793400.0,KVUE
2023-06-26,26.59000015258789,26.600000381469727,26.020000457763672,26.149999618530273,23.991867065429688,2507300.0,KVUE
2023-06-27,26.020000457763672,26.06999969482422,25.190000534057617,25.88999938964844,23.753324508666992,2904600.0,KVUE
2023-06-28,25.899999618530273,26.020000457763672,25.670000076293945,25.799999237060547,23.670753479003903,1807900.0,KVUE
2023-06-29,25.739999771118164,26.219999313354492,25.709999084472656,25.989999771118164,23.84507179260254,1353900.0,KVUE
2023-06-30,26.040000915527344,26.65999984741211,25.969999313354492,26.420000076293945,24.239585876464844,3936600.0,KVUE
2023-07-03,26.309999465942383,26.600000381469727,25.799999237060547,26.040000915527344,23.890949249267575,7558600.0,KVUE
2023-07-05,25.90999984741211,26.25,25.6200008392334,25.700000762939453,23.579008102416992,1990700.0,KVUE
2023-07-06,25.549999237060547,25.80500030517578,25.3799991607666,25.6200008392334,23.50560760498047,4856900.0,KVUE
2023-07-07,25.6200008392334,25.649999618530273,25.209999084472656,25.219999313354492,23.13862419128418,1793700.0,KVUE
2023-07-10,25.309999465942383,25.524999618530273,25.100000381469727,25.25,23.16614151000977,2121200.0,KVUE
2023-07-11,25.479999542236328,25.549999237060547,25.0049991607666,25.079999923706055,23.010173797607425,1942600.0,KVUE
2023-07-12,25.270000457763672,25.3700008392334,24.959999084472656,25.25,23.16614151000977,2320900.0,KVUE
2023-07-13,25.420000076293945,25.5,24.8799991607666,25.399999618530273,23.303768157958984,2477900.0,KVUE
2023-07-14,25.530000686645508,25.61000061035156,24.719999313354492,24.940000534057617,22.88172721862793,3830200.0,KVUE
2023-07-17,24.899999618530273,25.059999465942383,24.739999771118164,24.88999938964844,22.83585548400879,1709200.0,KVUE
2023-07-18,24.75,25.030000686645508,24.7450008392334,24.809999465942383,22.7624568939209,1713500.0,KVUE
2023-07-19,24.8799991607666,25.040000915527344,24.5,25.0,22.936777114868164,2870800.0,KVUE
2023-07-20,23.950000762939453,24.61599922180176,22.489999771118164,24.510000228881836,22.48721694946289,36675600.0,KVUE
2023-07-21,24.649999618530273,24.8799991607666,23.780000686645508,24.010000228881836,22.02848243713379,14587900.0,KVUE
2023-07-24,23.170000076293945,24.40999984741211,23.1200008392334,24.15999984741211,22.16610336303711,22641600.0,KVUE
2023-07-25,24.34000015258789,25.1200008392334,24.149999618530273,25.1200008392334,23.046875,15018100.0,KVUE
2023-07-26,25.09000015258789,25.229999542236328,24.28499984741211,24.690000534057617,22.652359008789062,10716400.0,KVUE
2023-07-27,24.950000762939453,25.0,23.959999084472656,24.239999771118164,22.239500045776367,11476200.0,KVUE
2023-07-28,24.229999542236328,24.43000030517578,24.049999237060547,24.399999618530273,22.386295318603516,13214600.0,KVUE
2023-07-31,24.010000228881836,24.079999923706055,23.4950008392334,23.68000030517578,21.725717544555664,14630700.0,KVUE
2023-08-01,23.510000228881836,23.770000457763672,23.3799991607666,23.649999618530273,21.69818878173828,14685500.0,KVUE
2023-08-02,23.549999237060547,23.920000076293945,23.3700008392334,23.899999618530273,21.92755889892578,16233200.0,KVUE
2023-08-03,24.030000686645508,24.434999465942383,23.75,23.989999771118164,22.0101318359375,16111000.0,KVUE
2023-08-04,24.020000457763672,24.020000457763672,23.270000457763672,23.530000686645508,21.58809471130371,20999100.0,KVUE
2023-08-07,23.670000076293945,23.676000595092773,23.31999969482422,23.540000915527344,21.597270965576172,15379100.0,KVUE
2023-08-08,23.549999237060547,23.549999237060547,23.209999084472656,23.3799991607666,21.45047187805176,20150600.0,KVUE
2023-08-09,23.299999237060547,23.440000534057617,23.059999465942383,23.350000381469727,21.422948837280273,40849100.0,KVUE
2023-08-10,23.75,23.88999938964844,23.11000061035156,23.3700008392334,21.44129943847656,51365500.0,KVUE
2023-08-11,23.299999237060547,23.799999237060547,23.25,23.719999313354492,21.76241111755371,46063200.0,KVUE
2023-08-14,23.600000381469727,23.700000762939453,22.850000381469727,22.940000534057617,21.04678726196289,89481200.0,KVUE
2023-08-15,22.920000076293945,23.770000457763672,22.63999938964844,23.260000228881836,21.340375900268555,105996500.0,KVUE
2023-08-16,23.489999771118164,23.549999237060547,22.809999465942383,22.93000030517578,21.037612915039062,86179200.0,KVUE
2023-08-17,23.1200008392334,23.290000915527344,22.549999237060547,22.780000686645508,20.899991989135746,71709300.0,KVUE
2023-08-18,22.959999084472656,23.0,22.36000061035156,22.8700008392334,20.982566833496097,93537500.0,KVUE
2023-08-21,23.170000076293945,23.690000534057617,22.809999465942383,22.899999618530273,21.010086059570312,178017500.0,KVUE
2023-08-22,23.239999771118164,23.81999969482422,23.1200008392334,23.739999771118164,21.78076171875,90542700.0,KVUE
2023-08-23,23.850000381469727,24.049999237060547,23.6200008392334,23.6200008392334,21.670669555664062,119406800.0,KVUE
2023-08-24,23.959999084472656,24.100000381469727,23.13999938964844,23.65999984741211,21.707366943359375,372341300.0,KVUE
2023-08-25,23.200000762939453,23.290000915527344,22.81999969482422,22.969999313354492,21.253971099853516,86974600.0,KVUE
2023-08-28,22.920000076293945,23.200000762939453,22.61000061035156,22.969999313354492,21.253971099853516,39395000.0,KVUE
2023-08-29,22.729999542236328,23.125,22.56999969482422,22.86000061035156,21.152189254760746,59445800.0,KVUE
2023-08-30,22.84000015258789,23.13999938964844,22.649999618530273,23.06999969482422,21.346498489379883,36094000.0,KVUE
2023-08-31,23.09000015258789,23.329999923706055,23.010000228881836,23.049999237060547,21.327993392944336,36119700.0,KVUE
2023-09-01,23.200000762939453,23.329999923706055,22.8700008392334,22.959999084472656,21.244718551635746,27566400.0,KVUE
2023-09-05,22.920000076293945,22.979999542236328,22.59000015258789,22.61000061035156,20.920867919921875,28465000.0,KVUE
2023-09-06,22.65999984741211,22.709999084472656,22.299999237060547,22.3799991607666,20.70804977416992,24727700.0,KVUE
2023-09-07,22.440000534057617,22.579999923706055,20.959999084472656,20.989999771118164,19.421894073486328,102648300.0,KVUE
2023-09-08,20.86000061035156,21.43000030517578,20.375,21.299999237060547,19.7087345123291,59635700.0,KVUE
2023-09-11,22.1299991607666,22.18000030517578,21.600000381469727,22.06999969482422,20.42120933532715,42830600.0,KVUE
2023-09-12,22.079999923706055,22.1200008392334,21.010000228881836,21.059999465942383,19.486663818359375,43697200.0,KVUE
2023-09-13,21.09000015258789,21.90999984741211,21.079999923706055,21.600000381469727,19.98632049560547,35434500.0,KVUE
2023-09-14,21.829999923706055,21.829999923706055,21.4950008392334,21.739999771118164,20.115863800048828,22195700.0,KVUE
2023-09-15,21.719999313354492,21.8700008392334,21.200000762939453,21.219999313354492,19.63471031188965,32265200.0,KVUE
2023-09-18,21.350000381469727,21.350000381469727,20.829999923706055,21.079999923706055,19.50516891479492,18035300.0,KVUE
2023-09-19,20.90999984741211,21.100000381469727,20.690000534057617,21.059999465942383,19.486663818359375,21142800.0,KVUE
2023-09-20,21.25,21.399999618530273,20.8799991607666,20.88999938964844,19.329362869262695,15623200.0,KVUE
2023-09-21,20.920000076293945,21.260000228881836,20.709999084472656,20.84000015258789,19.283098220825195,20599600.0,KVUE
2023-09-22,20.950000762939453,21.024999618530273,20.5,20.549999237060547,19.014760971069336,14865900.0,KVUE
2023-09-25,20.510000228881836,20.850000381469727,20.469999313354492,20.829999923706055,19.273841857910156,16272000.0,KVUE
2023-09-26,20.59000015258789,20.850000381469727,20.479999542236328,20.63999938964844,19.09803771972656,23574200.0,KVUE
2023-09-27,20.709999084472656,20.799999237060547,20.040000915527344,20.219999313354492,18.70941734313965,25270500.0,KVUE
2023-09-28,20.1200008392334,20.280000686645508,19.950000762939453,20.11000061035156,18.607635498046875,32556800.0,KVUE
2023-09-29,20.270000457763672,20.325000762939453,20.020000457763672,20.079999923706055,18.57987594604492,27974900.0,KVUE
2023-10-02,20.239999771118164,20.479999542236328,20.135000228881836,20.31999969482422,18.801944732666016,25296300.0,KVUE
2023-10-03,20.38999938964844,20.59000015258789,19.90999984741211,19.989999771118164,18.496597290039062,24924500.0,KVUE
2023-10-04,19.920000076293945,19.989999771118164,19.549999237060547,19.729999542236328,18.256023406982425,19610400.0,KVUE
2023-10-05,19.809999465942383,19.905000686645508,19.579999923706055,19.760000228881836,18.283782958984375,18014900.0,KVUE
2023-10-06,19.670000076293945,20.260000228881836,19.38999938964844,20.06999969482422,18.57062530517578,25090300.0,KVUE
2023-10-09,19.8700008392334,20.125,19.670000076293945,19.8700008392334,18.385568618774418,16032800.0,KVUE
2023-10-10,19.920000076293945,20.079999923706055,19.6299991607666,19.690000534057617,18.219013214111328,13937900.0,KVUE
2023-10-11,19.829999923706055,19.8799991607666,19.36000061035156,19.56999969482422,18.10797691345215,20414700.0,KVUE
2023-10-12,19.600000381469727,19.719999313354492,19.23500061035156,19.31999969482422,17.87665367126465,14461500.0,KVUE
2023-10-13,19.3799991607666,19.489999771118164,19.25,19.3700008392334,17.92292022705078,16410700.0,KVUE
2023-10-16,19.3700008392334,19.719999313354492,19.094999313354492,19.540000915527344,18.080219268798828,15272000.0,KVUE
2023-10-17,19.290000915527344,19.899999618530273,19.010000228881836,19.780000686645508,18.30228805541992,18750100.0,KVUE
2023-10-18,19.790000915527344,20.079999923706055,19.690000534057617,20.059999465942383,18.561372756958008,18294200.0,KVUE
2023-10-19,20.049999237060547,20.208999633789062,19.81999969482422,19.84000015258789,18.357805252075195,18831500.0,KVUE
2023-10-20,19.8700008392334,20.030000686645508,19.719999313354492,19.739999771118164,18.265277862548828,24057700.0,KVUE
2023-10-23,19.520000457763672,19.80500030517578,19.424999237060547,19.68000030517578,18.209760665893555,19716500.0,KVUE
2023-10-24,19.68000030517578,20.003000259399418,19.649999618530273,19.979999542236328,18.48734664916992,21650900.0,KVUE
2023-10-25,20.0,20.118999481201172,19.719999313354492,19.729999542236328,18.256023406982425,24711200.0,KVUE
2023-10-26,18.850000381469727,19.1299991607666,18.5,18.690000534057617,17.293724060058594,60514900.0,KVUE
2023-10-27,18.604999542236328,18.709999084472656,18.084999084472656,18.209999084472656,16.849578857421875,43215400.0,KVUE
2023-10-30,18.34000015258789,18.875,17.81999969482422,18.63999938964844,17.247453689575195,39398800.0,KVUE
2023-10-31,18.809999465942383,18.8799991607666,18.5,18.600000381469727,17.21044158935547,81622600.0,KVUE
2023-11-01,18.579999923706055,18.899999618530273,18.405000686645508,18.8799991607666,17.469524383544922,20218100.0,KVUE
2023-11-02,19.0,19.2450008392334,18.780000686645508,19.229999542236328,17.793378829956055,15439000.0,KVUE
2023-11-03,19.489999771118164,19.709999084472656,19.299999237060547,19.3700008392334,17.92292022705078,16874300.0,KVUE
2023-11-06,19.459999084472656,19.540000915527344,19.239999771118164,19.350000381469727,17.90441131591797,13242000.0,KVUE
2023-11-07,19.219999313354492,19.61000061035156,19.18600082397461,19.600000381469727,18.32514381408691,12172600.0,KVUE
2023-11-08,19.559999465942383,19.704999923706055,19.11000061035156,19.15999984741211,17.91376304626465,13552100.0,KVUE
2023-11-09,19.280000686645508,19.299999237060547,19.040000915527344,19.219999313354492,17.969858169555664,10423400.0,KVUE
2023-11-10,19.25,19.315000534057617,19.09000015258789,19.149999618530273,17.9044132232666,14475400.0,KVUE
2023-11-13,19.149999618530273,19.190000534057617,18.9950008392334,19.100000381469727,17.857666015625,14283900.0,KVUE
2023-11-14,19.239999771118164,19.600000381469727,19.1200008392334,19.40999984741211,18.147499084472656,16003900.0,KVUE
2023-11-15,19.59000015258789,19.770000457763672,19.489999771118164,19.600000381469727,18.32514381408691,16026300.0,KVUE
2023-11-16,19.559999465942383,19.63999938964844,19.469999313354492,19.61000061035156,18.33449363708496,12665000.0,KVUE
2023-11-17,19.559999465942383,19.809999465942383,19.479999542236328,19.68000030517578,18.399938583374023,12840900.0,KVUE
2023-11-20,19.709999084472656,19.8799991607666,19.459999084472656,19.75,18.46538543701172,18248800.0,KVUE
2023-11-21,19.739999771118164,20.040000915527344,19.719999313354492,19.899999618530273,18.605628967285156,17662900.0,KVUE
2023-11-22,20.0,20.309999465942383,19.969999313354492,20.040000915527344,18.73652458190918,21322700.0,KVUE
2023-11-24,20.1200008392334,20.4950008392334,20.1200008392334,20.25,18.932863235473633,12663700.0,KVUE
2023-11-27,20.190000534057617,20.270000457763672,20.010000228881836,20.15999984741211,18.848718643188477,32839900.0,KVUE
2023-11-28,20.149999618530273,20.25,20.079999923706055,20.15999984741211,18.848718643188477,19154500.0,KVUE
2023-11-29,20.229999542236328,20.36000061035156,20.059999465942383,20.079999923706055,18.773921966552734,13457500.0,KVUE
2023-11-30,20.219999313354492,20.459999084472656,20.040000915527344,20.440000534057617,19.110506057739254,47302700.0,KVUE
2023-12-01,20.309999465942383,20.790000915527344,20.309999465942383,20.690000534057617,19.3442440032959,17798700.0,KVUE
2023-12-04,20.6200008392334,20.850000381469727,20.5,20.6200008392334,19.278799057006836,22516200.0,KVUE
2023-12-05,20.59000015258789,20.649999618530273,20.15999984741211,20.170000076293945,18.858068466186523,19199000.0,KVUE
2023-12-06,20.219999313354492,20.25,19.219999313354492,19.38999938964844,18.12879943847656,37456400.0,KVUE
2023-12-07,19.59000015258789,21.38800048828125,19.5,20.809999465942383,19.456439971923828,60070800.0,KVUE
2023-12-08,20.8799991607666,21.0,20.600000381469727,20.61000061035156,19.26944923400879,24536000.0,KVUE
2023-12-11,20.5,20.719999313354492,20.299999237060547,20.59000015258789,19.250747680664062,18094900.0,KVUE
2023-12-12,20.65999984741211,20.90999984741211,20.3700008392334,20.75,19.400341033935547,17755000.0,KVUE
2023-12-13,20.84000015258789,21.040000915527344,20.51499938964844,21.040000915527344,19.67148208618164,19393500.0,KVUE
2023-12-14,21.1299991607666,21.260000228881836,20.829999923706055,21.059999465942383,19.69017791748047,19302400.0,KVUE
2023-12-15,20.8700008392334,21.059999465942383,20.780000686645508,20.989999771118164,19.624731063842773,38178500.0,KVUE
2023-12-18,21.100000381469727,21.1299991607666,20.8799991607666,21.010000228881836,19.643430709838867,16832900.0,KVUE
2023-12-19,22.25,22.30500030517578,21.23500061035156,21.469999313354492,20.073514938354492,50883800.0,KVUE
2023-12-20,21.38999938964844,21.68000030517578,20.895000457763672,20.950000762939453,19.58733367919922,24956700.0,KVUE
2023-12-21,21.049999237060547,21.239999771118164,20.920000076293945,21.219999313354492,19.839773178100582,14647200.0,KVUE
2023-12-22,21.25,21.420000076293945,21.209999084472656,21.36000061035156,19.970666885375977,9577700.0,KVUE
2023-12-26,21.25,21.395000457763672,21.135000228881836,21.290000915527344,19.90522003173828,8128600.0,KVUE
2023-12-27,21.270000457763672,21.549999237060547,21.260000228881836,21.549999237060547,20.14830780029297,10852400.0,KVUE
2023-12-28,21.524999618530273,21.649999618530273,21.38999938964844,21.469999313354492,20.073514938354492,8146900.0,KVUE
2023-12-29,21.40999984741211,21.559999465942383,21.329999923706055,21.530000686645508,20.12961196899414,9359200.0,KVUE
2024-01-02,21.450000762939453,21.854999542236328,21.420000076293945,21.56999969482422,20.167007446289062,35216200.0,KVUE
2024-01-03,21.420000076293945,21.600000381469727,21.184999465942383,21.270000457763672,19.88652229309082,18892500.0,KVUE
2024-01-04,21.290000915527344,21.385000228881836,20.88999938964844,20.899999618530273,19.540586471557617,16729000.0,KVUE
2024-01-05,21.0,21.40999984741211,20.93899917602539,21.350000381469727,19.96131896972656,24854100.0,KVUE
2024-01-08,21.25,21.649999618530273,21.25,21.6299991607666,20.22310447692871,14321000.0,KVUE
2024-01-09,21.520000457763672,21.86000061035156,21.520000457763672,21.850000381469727,20.428796768188477,18106300.0,KVUE
2024-01-10,21.799999237060547,21.899999618530273,21.549999237060547,21.770000457763672,20.354001998901367,17925900.0,KVUE
2024-01-11,21.690000534057617,21.940000534057617,21.459999084472656,21.93000030517578,20.50359535217285,16607600.0,KVUE
2024-01-12,22.0,22.040000915527344,21.440000534057617,21.510000228881836,20.110912322998047,16986400.0,KVUE
2024-01-16,21.43000030517578,21.4950008392334,21.079999923706055,21.229999542236328,19.849123001098633,12962400.0,KVUE
2024-01-17,21.059999465942383,21.2450008392334,20.924999237060547,20.979999542236328,19.615381240844727,14488900.0,KVUE
2024-01-18,20.88999938964844,21.010000228881836,20.729999542236328,20.940000534057617,19.577983856201172,9154600.0,KVUE
2024-01-19,20.950000762939453,20.950000762939453,20.530000686645508,20.709999084472656,19.36294174194336,15841800.0,KVUE
2024-01-22,20.520000457763672,20.690000534057617,20.280000686645508,20.440000534057617,19.110506057739254,20041600.0,KVUE
2024-01-23,20.594999313354492,20.979999542236328,20.559999465942383,20.90999984741211,19.549936294555664,16013200.0,KVUE
2024-01-24,20.8700008392334,20.975000381469727,20.40999984741211,20.43000030517578,19.101158142089844,12345100.0,KVUE
2024-01-25,20.600000381469727,20.790000915527344,20.44099998474121,20.75,19.400341033935547,12613600.0,KVUE
2024-01-26,20.88999938964844,20.989999771118164,20.790000915527344,20.84000015258789,19.48448944091797,14121400.0,KVUE
2024-01-29,20.84000015258789,21.11000061035156,20.81999969482422,21.040000915527344,19.67148208618164,10817100.0,KVUE
2024-01-30,20.950000762939453,20.979999542236328,20.71299934387207,20.8700008392334,19.51253890991211,10593500.0,KVUE
2024-01-31,20.950000762939453,20.959999084472656,20.729999542236328,20.760000228881836,19.409692764282227,13225600.0,KVUE
2024-02-01,20.780000686645508,21.0,20.540000915527344,20.88999938964844,19.531234741210938,11400600.0,KVUE
2024-02-02,20.719999313354492,20.920000076293945,20.6299991607666,20.829999923706055,19.47513961791992,12678900.0,KVUE
2024-02-05,20.75,20.75,20.253000259399418,20.479999542236328,19.147903442382812,12643400.0,KVUE
2024-02-06,20.440000534057617,20.75,20.399999618530273,20.600000381469727,19.260101318359375,13267100.0,KVUE
2024-02-07,20.739999771118164,20.739999771118164,20.40999984741211,20.520000457763672,19.185300827026367,26170300.0,KVUE
2024-02-08,19.850000381469727,20.045000076293945,19.299999237060547,19.329999923706055,18.072704315185547,44119600.0,KVUE
2024-02-09,19.200000762939453,19.614999771118164,19.079999923706055,19.329999923706055,18.072704315185547,24589600.0,KVUE
2024-02-12,19.469999313354492,19.63999938964844,19.30500030517578,19.59000015258789,18.3157901763916,17750800.0,KVUE
2024-02-13,19.399999618530273,19.584999084472656,19.09000015258789,19.25,18.183549880981445,16678500.0,KVUE
2024-02-14,19.219999313354492,19.364999771118164,19.010000228881836,19.09000015258789,18.032411575317383,15853000.0,KVUE
2024-02-15,19.11000061035156,19.260000228881836,19.0,19.049999237060547,17.994626998901367,18646500.0,KVUE
2024-02-16,19.010000228881836,19.100000381469727,18.915000915527344,19.049999237060547,17.994626998901367,16387600.0,KVUE
2024-02-20,18.989999771118164,19.1299991607666,18.850000381469727,19.059999465942383,18.004074096679688,15817600.0,KVUE
2024-02-21,19.100000381469727,19.334999084472656,18.899999618530273,19.299999237060547,18.230777740478516,12660700.0,KVUE
2024-02-22,19.260000228881836,19.31999969482422,18.950000762939453,19.190000534057617,18.126874923706055,11359000.0,KVUE
2024-02-23,19.149999618530273,19.325000762939453,19.049999237060547,19.18000030517578,18.117429733276367,13774600.0,KVUE
2024-02-26,19.13999938964844,19.142000198364254,18.84000015258789,18.940000534057617,17.890724182128906,17420200.0,KVUE
2024-02-27,18.90999984741211,18.969999313354492,18.719999313354492,18.920000076293945,17.8718318939209,15954200.0,KVUE
2024-02-28,18.93000030517578,19.170000076293945,18.709999084472656,19.13999938964844,18.07964324951172,16447700.0,KVUE
2024-02-29,19.15999984741211,19.26499938964844,18.899999618530273,19.0,17.947399139404297,19298500.0,KVUE
2024-03-01,18.81999969482422,18.940000534057617,18.690000534057617,18.81999969482422,17.77737045288086,14618600.0,KVUE
2024-03-04,18.760000228881836,19.079999923706055,18.61000061035156,18.959999084472656,17.90961456298828,18745500.0,KVUE
2024-03-05,18.90999984741211,19.200000762939453,18.829999923706055,19.010000228881836,17.956844329833984,19216100.0,KVUE
2024-03-06,19.0,19.760000228881836,18.989999771118164,19.579999923706055,18.495267868041992,17447900.0,KVUE
2024-03-07,19.690000534057617,20.229999542236328,19.665000915527344,19.799999237060547,18.70307731628418,22510900.0,KVUE
2024-03-08,19.690000534057617,20.1299991607666,19.670000076293945,20.020000457763672,18.910892486572266,11932700.0,KVUE
2024-03-11,20.059999465942383,20.34000015258789,20.020000457763672,20.149999618530273,19.033687591552734,12106400.0,KVUE
2024-03-12,20.190000534057617,20.388999938964844,20.1200008392334,20.13999938964844,19.024242401123047,12156700.0,KVUE
2024-03-13,20.200000762939453,20.549999237060547,20.200000762939453,20.40999984741211,19.279287338256836,23717400.0,KVUE
2024-03-14,20.260000228881836,20.3700008392334,19.915000915527344,20.06999969482422,18.958120346069336,18494000.0,KVUE
2024-03-15,19.799999237060547,20.415000915527344,19.799999237060547,20.34000015258789,19.21316146850586,68562300.0,KVUE
2024-03-18,20.11000061035156,20.3799991607666,19.969999313354492,20.200000762939453,19.08091735839844,18907400.0,KVUE
2024-03-19,20.34000015258789,20.399999618530273,20.100000381469727,20.200000762939453,19.08091735839844,18217300.0,KVUE
2024-03-20,20.15999984741211,20.415000915527344,20.075000762939453,20.40999984741211,19.279287338256836,13173300.0,KVUE
2024-03-21,20.420000076293945,20.920000076293945,20.420000076293945,20.709999084472656,19.562664031982425,18323600.0,KVUE
2024-03-22,20.780000686645508,20.8700008392334,20.540000915527344,20.600000381469727,19.458759307861328,10408800.0,KVUE
2024-03-25,20.709999084472656,20.905000686645508,20.565000534057617,20.649999618530273,19.5059871673584,11924700.0,KVUE
2024-03-26,20.719999313354492,21.020000457763672,20.63999938964844,20.93000030517578,19.770477294921875,14484300.0,KVUE
2024-03-27,21.010000228881836,21.459999084472656,20.979999542236328,21.450000762939453,20.26166725158691,13286700.0,KVUE
2024-03-28,21.579999923706055,21.579999923706055,21.36000061035156,21.459999084472656,20.27111434936523,14405400.0,KVUE
2024-04-01,21.440000534057617,21.479999542236328,21.11000061035156,21.229999542236328,20.05385971069336,10457500.0,KVUE
2024-04-02,21.25,21.299999237060547,20.799999237060547,20.81999969482422,19.66657066345215,15495100.0,KVUE
2024-04-03,20.75,20.780000686645508,20.229999542236328,20.34000015258789,19.21316146850586,15066200.0,KVUE
2024-04-04,20.510000228881836,20.579999923706055,20.149999618530273,20.170000076293945,19.052581787109375,12183400.0,KVUE
2024-04-05,20.1200008392334,20.309999465942383,20.049999237060547,20.25,19.12814712524414,11313100.0,KVUE
2024-04-08,20.25,20.260000228881836,20.049999237060547,20.059999465942383,18.94867706298828,9262800.0,KVUE
2024-04-09,20.09000015258789,20.450000762939453,19.989999771118164,20.350000381469727,19.222612380981445,10106700.0,KVUE
2024-04-10,20.13999938964844,20.290000915527344,20.010000228881836,20.239999771118164,19.118701934814453,11808100.0,KVUE
2024-04-11,19.959999084472656,19.979999542236328,19.350000381469727,19.450000762939453,18.372468948364254,25410000.0,KVUE
2024-04-12,19.440000534057617,19.540000915527344,19.114999771118164,19.1299991607666,18.0701961517334,9414800.0,KVUE
2024-04-15,19.299999237060547,19.350000381469727,19.010000228881836,19.1299991607666,18.0701961517334,13423300.0,KVUE
2024-04-16,19.079999923706055,19.170000076293945,18.850000381469727,19.11000061035156,18.05130386352539,20306600.0,KVUE
2024-04-17,19.329999923706055,19.350000381469727,19.049999237060547,19.270000457763672,18.20244026184082,10022900.0,KVUE
2024-04-18,19.3700008392334,19.61000061035156,19.260000228881836,19.579999923706055,18.495267868041992,11215700.0,KVUE
2024-04-19,19.489999771118164,19.690000534057617,19.385000228881836,19.579999923706055,18.495267868041992,9506100.0,KVUE
2024-04-22,19.579999923706055,19.709999084472656,19.18000030517578,19.579999923706055,18.495267868041992,17453800.0,KVUE
2024-04-23,19.600000381469727,19.71500015258789,19.26499938964844,19.3700008392334,18.29690170288086,19765100.0,KVUE
2024-04-24,19.270000457763672,19.350000381469727,19.104999542236328,19.1299991607666,18.0701961517334,22713800.0,KVUE
2024-04-25,19.219999313354492,19.295000076293945,18.989999771118164,19.020000457763672,17.966291427612305,14246300.0,KVUE
2024-04-26,19.0,19.079999923706055,18.834999084472656,18.86000061035156,17.815155029296875,15454700.0,KVUE
2024-04-29,18.850000381469727,19.075000762939453,18.774999618530273,19.059999465942383,18.004074096679688,13240500.0,KVUE
2024-04-30,18.90999984741211,19.059999465942383,18.739999771118164,18.81999969482422,17.77737045288086,26872700.0,KVUE
2024-05-01,18.88999938964844,19.010000228881836,18.63999938964844,18.850000381469727,17.805709838867188,12771100.0,KVUE
2024-05-02,18.940000534057617,19.260000228881836,18.940000534057617,19.1200008392334,18.060752868652344,22724700.0,KVUE
2024-05-03,19.09000015258789,19.350000381469727,19.075000762939453,19.200000762939453,18.136320114135746,15941000.0,KVUE
2024-05-06,19.31999969482422,19.3799991607666,18.934999465942383,19.079999923706055,18.022968292236328,26549600.0,KVUE
2024-05-07,19.450000762939453,20.229999542236328,19.450000762939453,20.079999923706055,19.168495178222656,30039600.0,KVUE
2024-05-08,20.079999923706055,20.68000030517578,19.989999771118164,20.450000762939453,19.521699905395508,24428800.0,KVUE
2024-05-09,20.510000228881836,20.61000061035156,20.364999771118164,20.540000915527344,19.60761260986328,14394600.0,KVUE
2024-05-10,20.59000015258789,20.614999771118164,20.329999923706055,20.540000915527344,19.60761260986328,15019500.0,KVUE
2024-05-13,20.299999237060547,20.78499984741211,20.170000076293945,20.36000061035156,19.435787200927734,20853100.0,KVUE
2024-05-14,20.5,20.950000762939453,20.38999938964844,20.6299991607666,19.693527221679688,21289500.0,KVUE
2024-05-15,20.200000762939453,20.7450008392334,20.1200008392334,20.540000915527344,19.60761260986328,97658200.0,KVUE
2024-05-16,20.649999618530273,20.94499969482422,20.51499938964844,20.600000381469727,19.66489028930664,71519400.0,KVUE
2024-05-17,20.719999313354492,20.739999771118164,20.3799991607666,20.469999313354492,19.540790557861328,31071000.0,KVUE
2024-05-20,20.5,20.549999237060547,19.8799991607666,19.899999618530273,18.996665954589844,24636700.0,KVUE
2024-05-21,19.93000030517578,20.100000381469727,19.670000076293945,19.969999313354492,19.06348991394043,27778900.0,KVUE
2024-05-22,19.8799991607666,20.1299991607666,19.80500030517578,19.8799991607666,18.97757148742676,15202600.0,KVUE
2024-05-23,19.86000061035156,19.899999618530273,19.3799991607666,19.440000534057617,18.557546615600582,16089700.0,KVUE
2024-05-24,19.469999313354492,19.549999237060547,19.135000228881836,19.350000381469727,18.471633911132812,24363700.0,KVUE
2024-05-28,19.209999084472656,19.40999984741211,19.100000381469727,19.25,18.376171112060547,16231100.0,KVUE
2024-05-29,19.059999465942383,19.18000030517578,18.850000381469727,18.8700008392334,18.0134220123291,13001900.0,KVUE
2024-05-30,18.8700008392334,19.1200008392334,18.84000015258789,18.989999771118164,18.127975463867188,17340100.0,KVUE
2024-05-31,19.010000228881836,19.34000015258789,18.8700008392334,19.299999237060547,18.42390251159668,31659300.0,KVUE
2024-06-03,19.13999938964844,19.469999313354492,19.1200008392334,19.239999771118164,18.366626739501953,15902600.0,KVUE
2024-06-04,19.260000228881836,19.260000228881836,18.915000915527344,19.149999618530273,18.28071022033691,18523500.0,KVUE
2024-06-05,19.06999969482422,19.18000030517578,18.81999969482422,18.989999771118164,18.127975463867188,20674500.0,KVUE
2024-06-06,18.850000381469727,18.979999542236328,18.520000457763672,18.6299991607666,17.78431510925293,27907800.0,KVUE
2024-06-07,18.68000030517578,18.760000228881836,18.3700008392334,18.38999938964844,17.55521011352539,17923400.0,KVUE
2024-06-10,18.280000686645508,18.40999984741211,18.084999084472656,18.290000915527344,17.45975112915039,16438100.0,KVUE
2024-06-11,18.209999084472656,18.479999542236328,18.09000015258789,18.469999313354492,17.63157844543457,23197400.0,KVUE
2024-06-12,18.5,18.600000381469727,17.899999618530273,17.959999084472656,17.144729614257812,19717800.0,KVUE
2024-06-13,18.0,18.15999984741211,17.83300018310547,18.030000686645508,17.2115535736084,14768100.0,KVUE
2024-06-14,17.889999389648438,18.079999923706055,17.75,18.06999969482422,17.24973487854004,15356100.0,KVUE
2024-06-17,17.959999084472656,18.81999969482422,17.959999084472656,18.790000915527344,17.93705177307129,20146700.0,KVUE
2024-06-18,18.780000686645508,18.885000228881836,18.399999618530273,18.520000457763672,17.67930793762207,21747100.0,KVUE
2024-06-20,18.649999618530273,18.86000061035156,18.549999237060547,18.84000015258789,17.984783172607422,24977100.0,KVUE
2024-06-21,18.90999984741211,18.989999771118164,18.399999618530273,18.530000686645508,17.68885612487793,63084700.0,KVUE
2024-06-24,18.81999969482422,18.979999542236328,18.684999465942383,18.899999618530273,18.04206085205078,19862800.0,KVUE
2024-06-25,18.780000686645508,18.8700008392334,18.520000457763672,18.649999618530273,17.80340576171875,15046800.0,KVUE
2024-06-26,18.5,18.61000061035156,18.260000228881836,18.59000015258789,17.746129989624023,16542100.0,KVUE
2024-06-27,18.559999465942383,18.6200008392334,18.329999923706055,18.420000076293945,17.58384895324707,18657600.0,KVUE
2024-06-28,18.43000030517578,18.59000015258789,18.040000915527344,18.18000030517578,17.35474395751953,57323300.0,KVUE
2024-07-01,18.229999542236328,18.395000457763672,17.885000228881836,17.950000762939453,17.13518714904785,21089800.0,KVUE
2024-07-02,18.010000228881836,18.260000228881836,17.989999771118164,18.239999771118164,17.412019729614258,14781800.0,KVUE
2024-07-03,18.3799991607666,18.415000915527344,18.200000762939453,18.309999465942383,17.47884178161621,5859500.0,KVUE
2024-07-05,18.280000686645508,18.31999969482422,18.13999938964844,18.309999465942383,17.47884178161621,12172600.0,KVUE
2024-07-08,18.290000915527344,18.290000915527344,18.0,18.25,17.421566009521484,15968400.0,KVUE
2024-07-09,18.260000228881836,18.299999237060547,17.975000381469727,18.219999313354492,17.392927169799805,12147200.0,KVUE
2024-07-10,18.13999938964844,18.239999771118164,17.674999237060547,17.700000762939453,16.896530151367188,24692600.0,KVUE
2024-07-11,17.770000457763672,17.940000534057617,17.670000076293945,17.920000076293945,17.106548309326172,35772200.0,KVUE
2024-07-12,18.11000061035156,18.40999984741211,17.959999084472656,18.34000015258789,17.50748062133789,12523500.0,KVUE
2024-07-15,18.34000015258789,18.38999938964844,18.09000015258789,18.11000061035156,17.287921905517578,14171600.0,KVUE
2024-07-16,18.049999237060547,18.36000061035156,18.0049991607666,18.25,17.421566009521484,15408300.0,KVUE
2024-07-17,18.270000457763672,18.770000457763672,18.270000457763672,18.440000534057617,17.60293960571289,17834900.0,KVUE
2024-07-18,18.450000762939453,18.75,18.309999465942383,18.31999969482422,17.488388061523438,14131000.0,KVUE
2024-07-19,18.459999084472656,18.489999771118164,18.155000686645508,18.25,17.421566009521484,15412400.0,KVUE
2024-07-22,18.209999084472656,18.270000457763672,18.0,18.229999542236328,17.40247344970703,15788700.0,KVUE
2024-07-23,18.09000015258789,18.229999542236328,17.90999984741211,17.93000030517578,17.1160945892334,12491000.0,KVUE
2024-07-24,17.920000076293945,18.25,17.850000381469727,18.170000076293945,17.345197677612305,9390800.0,KVUE
2024-07-25,18.329999923706055,18.709999084472656,18.239999771118164,18.25,17.421566009521484,11082200.0,KVUE
2024-07-26,18.3700008392334,18.78499984741211,18.309999465942383,18.690000534057617,17.841590881347656,11484600.0,KVUE
2024-07-29,18.649999618530273,18.899999618530273,18.520000457763672,18.799999237060547,17.946596145629883,12564800.0,KVUE
2024-07-30,18.520000457763672,18.809999465942383,18.30500030517578,18.75,17.898866653442383,12381300.0,KVUE
2024-07-31,18.670000076293945,18.760000228881836,18.36000061035156,18.489999771118164,17.65066909790039,42056200.0,KVUE
2024-08-01,18.670000076293945,18.700000762939453,18.38999938964844,18.6299991607666,17.78431510925293,12817600.0,KVUE
2024-08-02,18.649999618530273,18.84000015258789,18.420000076293945,18.81999969482422,17.965688705444336,17688600.0,KVUE
2024-08-05,18.709999084472656,18.8700008392334,18.104999542236328,18.190000534057617,17.364290237426758,21724900.0,KVUE
2024-08-06,20.149999618530273,20.920000076293945,19.910999298095703,20.86000061035156,19.913087844848633,44403600.0,KVUE
2024-08-07,20.690000534057617,21.049999237060547,20.450000762939453,20.6200008392334,19.68398094177246,24344700.0,KVUE
2024-08-08,20.56999969482422,21.364999771118164,20.40999984741211,21.25,20.285383224487305,21849700.0,KVUE
2024-08-09,21.200000762939453,21.23500061035156,20.915000915527344,21.020000457763672,20.065826416015625,20636700.0,KVUE
2024-08-12,21.079999923706055,21.155000686645508,20.84000015258789,21.09000015258789,20.132648468017575,17481100.0,KVUE
2024-08-13,21.13999938964844,21.489999771118164,21.1200008392334,21.34000015258789,20.371299743652344,16625400.0,KVUE
2024-08-14,21.15999984741211,21.469999313354492,21.1200008392334,21.18000030517578,20.414674758911133,16462400.0,KVUE
2024-08-15,21.190000534057617,21.6200008392334,21.18000030517578,21.56999969482422,20.79058074951172,10727900.0,KVUE
2024-08-16,21.440000534057617,21.709999084472656,21.36000061035156,21.670000076293945,20.886966705322266,11269800.0,KVUE
2024-08-19,21.729999542236328,21.920000076293945,21.6299991607666,21.63999938964844,20.858051300048828,10019600.0,KVUE
2024-08-20,21.63999938964844,21.709999084472656,21.395000457763672,21.549999237060547,20.771303176879883,11291400.0,KVUE
2024-08-21,21.649999618530273,21.850000381469727,21.56999969482422,21.690000534057617,20.9062442779541,8446800.0,KVUE
2024-08-22,21.690000534057617,21.76499938964844,21.229999542236328,21.559999465942383,20.78093910217285,12239500.0,KVUE
2024-08-23,21.61000061035156,21.905000686645508,21.600000381469727,21.81999969482422,21.03154754638672,6785500.0,KVUE
2024-08-26,21.86000061035156,22.05500030517578,21.80500030517578,21.959999084472656,21.166486740112305,9431500.0,KVUE
2024-08-27,22.0,22.09000015258789,21.739999771118164,21.920000076293945,21.127933502197266,10096300.0,KVUE
2024-08-28,21.950000762939453,21.957000732421875,21.59000015258789,21.719999313354492,20.93515968322754,7896100.0,KVUE
2024-08-29,21.809999465942383,21.93000030517578,21.530000686645508,21.75,20.964075088500977,12053500.0,KVUE
2024-08-30,21.829999923706055,21.954999923706055,21.719999313354492,21.950000762939453,21.156850814819336,14008500.0,KVUE
2024-09-03,21.75,22.239999771118164,21.649999618530273,22.100000381469727,21.301427841186523,13879900.0,KVUE
2024-09-04,22.040000915527344,22.6299991607666,22.0,22.510000228881836,21.696613311767575,22620800.0,KVUE
2024-09-05,22.559999465942383,22.68000030517578,22.3799991607666,22.510000228881836,21.696613311767575,15490300.0,KVUE
2024-09-06,22.510000228881836,23.0,22.5,22.86000061035156,22.033966064453125,18883300.0,KVUE
2024-09-09,22.8700008392334,23.229999542236328,22.6299991607666,23.200000762939453,22.361682891845703,21843100.0,KVUE
2024-09-10,23.15999984741211,23.465999603271484,22.88999938964844,23.049999237060547,22.217098236083984,15021200.0,KVUE
2024-09-11,23.149999618530273,23.229999542236328,22.674999237060547,23.09000015258789,22.25565528869629,12941500.0,KVUE
2024-09-12,23.100000381469727,23.190000534057617,22.770000457763672,23.079999923706055,22.246015548706055,9269900.0,KVUE
2024-09-13,23.15999984741211,23.40999984741211,23.040000915527344,23.38999938964844,22.54481506347656,11090800.0,KVUE
2024-09-16,23.5,23.549999237060547,23.170000076293945,23.3799991607666,22.53517723083496,9220800.0,KVUE
2024-09-17,23.469999313354492,23.520000457763672,23.149999618530273,23.38999938964844,22.54481506347656,13263700.0,KVUE
2024-09-18,23.440000534057617,23.520000457763672,23.075000762939453,23.190000534057617,22.35204315185547,15225500.0,KVUE
2024-09-19,23.34000015258789,23.450000762939453,22.885000228881836,22.899999618530273,22.072519302368164,13622500.0,KVUE
2024-09-20,22.829999923706055,23.030000686645508,22.709999084472656,23.020000457763672,22.188186645507812,75871900.0,KVUE
2024-09-23,22.829999923706055,23.149999618530273,22.760000228881836,23.020000457763672,22.188186645507812,20080800.0,KVUE
2024-09-24,23.030000686645508,23.19499969482422,22.795000076293945,23.11000061035156,22.274932861328125,14365300.0,KVUE
2024-09-25,23.209999084472656,23.33300018310547,22.940000534057617,23.0,22.168909072875977,12625600.0,KVUE
2024-09-26,23.149999618530273,23.290000915527344,23.030000686645508,23.1299991607666,22.294208526611328,12504500.0,KVUE
2024-09-27,23.13999938964844,23.434999465942383,23.030000686645508,23.260000228881836,22.419513702392575,12450000.0,KVUE
2024-09-30,23.36000061035156,23.489999771118164,23.075000762939453,23.1299991607666,22.294208526611328,17088300.0,KVUE
2024-10-01,23.170000076293945,23.18000030517578,22.68000030517578,22.780000686645508,21.956857681274418,13640500.0,KVUE
2024-10-02,22.700000762939453,22.729999542236328,22.399999618530273,22.6299991607666,21.812278747558594,16504900.0,KVUE
2024-10-03,22.479999542236328,22.549999237060547,22.25,22.270000457763672,21.465286254882812,10312400.0,KVUE
2024-10-04,22.299999237060547,22.35099983215332,22.1200008392334,22.15999984741211,21.35926055908203,8451600.0,KVUE
2024-10-07,22.209999084472656,22.23500061035156,21.8799991607666,21.989999771118164,21.195404052734375,9859300.0,KVUE
2024-10-08,22.06999969482422,22.075000762939453,21.760000228881836,21.850000381469727,21.060462951660156,11377100.0,KVUE
2024-10-09,21.81999969482422,21.885000228881836,21.5,21.530000686645508,20.75202751159668,10437800.0,KVUE
2024-10-10,21.540000915527344,21.600000381469727,21.25,21.31999969482422,20.54961204528809,11911600.0,KVUE
2024-10-11,21.38999938964844,21.510000228881836,21.309999465942383,21.459999084472656,20.684555053710938,14513000.0,KVUE
2024-10-14,21.36000061035156,21.684999465942383,21.290000915527344,21.600000381469727,20.81949806213379,18677100.0,KVUE
2024-10-15,21.59000015258789,21.98500061035156,21.540000915527344,21.760000228881836,20.97371482849121,11925300.0,KVUE
2024-10-16,21.65999984741211,21.850000381469727,21.6200008392334,21.729999542236328,20.94479751586914,13919600.0,KVUE
2024-10-17,21.84000015258789,21.84000015258789,21.3700008392334,21.450000762939453,20.674917221069336,12260700.0,KVUE
2024-10-18,21.510000228881836,21.739999771118164,21.385000228881836,21.719999313354492,20.93515968322754,13309700.0,KVUE
2024-10-21,22.950000762939453,23.38999938964844,22.799999237060547,22.920000076293945,22.091796875,38291800.0,KVUE
2024-10-22,22.549999237060547,23.049999237060547,22.530000686645508,22.93000030517578,22.101438522338867,18080900.0,KVUE
2024-10-23,22.81999969482422,22.954999923706055,22.510000228881836,22.760000228881836,21.937580108642575,10664000.0,KVUE
2024-10-24,22.899999618530273,23.09000015258789,22.774999618530273,22.969999313354492,22.139991760253903,11664200.0,KVUE
2024-10-25,22.959999084472656,23.020000457763672,22.6299991607666,22.63999938964844,21.821916580200195,8395700.0,KVUE
2024-10-28,22.850000381469727,22.88999938964844,22.575000762939453,22.8799991607666,22.053241729736328,10540300.0,KVUE
2024-10-29,22.719999313354492,22.909000396728516,22.6299991607666,22.780000686645508,21.956857681274418,13109200.0,KVUE
2024-10-30,22.649999618530273,22.989999771118164,22.559999465942383,22.88999938964844,22.062883377075195,15919800.0,KVUE
2024-10-31,22.68000030517578,23.165000915527344,22.611000061035156,22.93000030517578,22.101438522338867,34406400.0,KVUE
2024-11-01,22.86000061035156,23.094999313354492,22.719999313354492,22.729999542236328,21.908662796020508,15528900.0,KVUE
2024-11-04,22.809999465942383,23.225000381469727,22.739999771118164,23.040000915527344,22.20746421813965,17341800.0,KVUE
2024-11-05,22.940000534057617,23.56999969482422,22.920000076293945,23.229999542236328,22.390596389770508,17781300.0,KVUE
2024-11-06,23.549999237060547,23.549999237060547,22.30500030517578,22.5,21.686975479125977,16727100.0,KVUE
2024-11-07,22.170000076293945,23.385000228881836,22.040000915527344,22.969999313354492,22.139991760253903,28744400.0,KVUE
2024-11-08,22.8700008392334,23.719999313354492,22.84000015258789,23.68000030517578,22.82433700561523,16635100.0,KVUE
2024-11-11,23.760000228881836,23.8799991607666,23.489999771118164,23.780000686645508,22.920724868774418,13838400.0,KVUE
2024-11-12,23.760000228881836,23.950000762939453,23.631999969482425,23.649999618530273,22.795419692993164,10714200.0,KVUE
2024-11-13,23.450000762939453,23.600000381469727,23.040000915527344,23.13999938964844,22.498870849609375,16481200.0,KVUE
2024-11-14,23.219999313354492,23.75,23.1299991607666,23.61000061035156,22.95585060119629,14017300.0,KVUE
2024-11-15,23.520000457763672,24.1299991607666,23.440000534057617,23.81999969482422,23.16003036499023,16166900.0,KVUE
2024-11-18,23.80500030517578,24.0049991607666,23.670000076293945,23.719999313354492,23.06279945373535,14591600.0,KVUE
2024-11-19,23.59000015258789,23.799999237060547,23.239999771118164,23.690000534057617,23.033632278442383,9838300.0,KVUE
2024-11-20,23.65999984741211,23.780000686645508,23.562000274658203,23.780000686645508,23.12114143371582,7418800.0,KVUE
2024-11-21,23.790000915527344,24.239999771118164,23.690000534057617,24.09000015258789,23.422548294067383,8331200.0,KVUE
2024-11-22,24.25,24.309999465942383,24.000999450683594,24.079999923706055,23.412826538085938,10505900.0,KVUE
2024-11-25,24.2450008392334,24.399999618530273,23.98500061035156,24.239999771118164,23.56839370727539,26971900.0,KVUE
2024-11-26,24.274999618530273,24.459999084472656,23.940000534057617,24.1200008392334,23.451719284057617,12315700.0,KVUE
2024-11-27,24.209999084472656,24.405000686645508,24.049999237060547,24.1299991607666,23.461441040039062,11666900.0,KVUE
2024-11-29,24.0,24.239999771118164,23.8799991607666,24.079999923706055,23.412826538085938,7516500.0,KVUE
2024-12-02,24.11000061035156,24.270000457763672,23.875,24.260000228881836,23.58783912658691,10173800.0,KVUE
2024-12-03,24.1299991607666,24.229999542236328,23.43000030517578,23.479999542236328,22.829448699951172,13665700.0,KVUE
2024-12-04,23.450000762939453,23.524999618530273,22.174999237060547,23.15999984741211,22.5183162689209,27219800.0,KVUE
2024-12-05,23.38999938964844,23.459999084472656,23.0,23.1299991607666,22.489147186279297,13914400.0,KVUE
2024-12-06,23.239999771118164,23.350000381469727,22.81999969482422,22.84000015258789,22.207181930541992,9708800.0,KVUE
2024-12-09,23.0,23.260000228881836,22.739999771118164,22.809999465942383,22.17801284790039,15267200.0,KVUE
2024-12-10,22.770000457763672,22.975000381469727,22.38999938964844,22.739999771118164,22.109952926635746,10492300.0,KVUE
2024-12-11,22.75,22.774999618530273,22.190000534057617,22.219999313354492,21.604360580444336,9433200.0,KVUE
2024-12-12,21.979999542236328,22.635000228881836,21.763999938964844,22.31999969482422,21.701589584350582,14949900.0,KVUE
2024-12-13,22.280000686645508,22.309999465942383,21.940000534057617,22.209999084472656,21.59463882446289,9184000.0,KVUE
2024-12-16,22.329999923706055,22.475000381469727,22.049999237060547,22.06999969482422,21.45851707458496,7786300.0,KVUE
2024-12-17,22.100000381469727,22.174999237060547,21.86000061035156,22.040000915527344,21.429349899291992,10278500.0,KVUE
2024-12-18,22.0,22.170000076293945,21.469999313354492,21.510000228881836,20.914031982421875,15271800.0,KVUE
2024-12-19,21.520000457763672,21.760000228881836,21.420000076293945,21.61000061035156,21.01126289367676,13048400.0,KVUE
2024-12-20,21.520000457763672,21.969999313354492,21.469999313354492,21.770000457763672,21.166828155517575,22915000.0,KVUE
2024-12-23,21.709999084472656,21.826000213623047,21.530000686645508,21.59000015258789,20.9918155670166,13256800.0,KVUE
2024-12-24,21.479999542236328,21.63999938964844,21.3700008392334,21.559999465942383,20.962646484375,9164900.0,KVUE
2024-12-26,21.5,21.770000457763672,21.440000534057617,21.719999313354492,21.118213653564453,5970300.0,KVUE
2024-12-27,21.59000015258789,21.80500030517578,21.530000686645508,21.530000686645508,20.933481216430664,9833600.0,KVUE
2024-12-30,21.43000030517578,21.459999084472656,21.18000030517578,21.18000030517578,20.593175888061523,7123700.0,KVUE
2024-12-31,21.25,21.43000030517578,21.219999313354492,21.350000381469727,20.758464813232425,6934200.0,KVUE
2025-01-02,21.520000457763672,21.579999923706055,21.149999618530273,21.280000686645508,20.690406799316406,8253900.0,KVUE
2025-01-03,21.31999969482422,21.350000381469727,21.094999313354492,21.200000762939453,20.61262321472168,6079200.0,KVUE
2025-01-06,21.600000381469727,21.600000381469727,21.059999465942383,21.11000061035156,20.525117874145508,10740100.0,KVUE
2025-01-07,21.149999618530273,21.31999969482422,20.940000534057617,21.049999237060547,20.466777801513672,8828800.0,KVUE
2025-01-08,20.989999771118164,21.11000061035156,20.729999542236328,21.100000381469727,20.515392303466797,7579300.0,KVUE
2025-01-10,20.899999618530273,20.965999603271484,20.68000030517578,20.850000381469727,20.272319793701172,11057100.0,KVUE
2025-01-13,20.829999923706055,21.09000015258789,20.700000762939453,20.969999313354492,20.388994216918945,12682000.0,KVUE
2025-01-14,20.979999542236328,21.125,20.93000030517578,21.030000686645508,20.44733238220215,7275900.0,KVUE
2025-01-15,21.190000534057617,21.257999420166016,20.760000228881836,20.850000381469727,20.272319793701172,10050000.0,KVUE
2025-01-16,20.739999771118164,21.21500015258789,20.719999313354492,21.190000534057617,20.60289764404297,8810500.0,KVUE
2025-01-17,21.200000762939453,21.344999313354492,21.030000686645508,21.100000381469727,20.515392303466797,11267000.0,KVUE
2025-01-21,21.200000762939453,21.219999313354492,20.61000061035156,20.799999237060547,20.223703384399418,19203400.0,KVUE
2025-01-22,20.799999237060547,20.850000381469727,20.600000381469727,20.75,20.17508888244629,19218300.0,KVUE
2025-01-23,20.719999313354492,20.81999969482422,20.48500061035156,20.75,20.17508888244629,12575000.0,KVUE
2025-01-24,20.790000915527344,20.86000061035156,20.71500015258789,20.780000686645508,20.204259872436523,12092500.0,KVUE
2025-01-27,21.1200008392334,21.540000915527344,21.075000762939453,21.440000534057617,20.845970153808594,15342800.0,KVUE
2025-01-28,21.399999618530273,21.649999618530273,21.31999969482422,21.36000061035156,20.768190383911133,13831600.0,KVUE
2025-01-29,21.440000534057617,21.510000228881836,21.209999084472656,21.309999465942383,20.719573974609375,12249200.0,KVUE
2025-01-30,21.5,21.770000457763672,21.3799991607666,21.719999313354492,21.118213653564453,11733100.0,KVUE
2025-01-31,21.40999984741211,21.6299991607666,21.274999618530273,21.290000915527344,20.700130462646484,16433400.0,KVUE
2025-02-03,21.18000030517578,21.274999618530273,21.049999237060547,21.229999542236328,20.641788482666016,9693600.0,KVUE
2025-02-04,20.90999984741211,21.1200008392334,20.739999771118164,20.809999465942383,20.23342514038086,11813700.0,KVUE
2025-02-05,21.0,21.049999237060547,20.59000015258789,20.739999771118164,20.16536521911621,19231100.0,KVUE
2025-02-06,20.53499984741211,21.100000381469727,19.75,19.799999237060547,19.25140953063965,25808800.0,KVUE
2025-02-07,19.899999618530273,20.229999542236328,19.84000015258789,20.18000030517578,19.62088203430176,17734300.0,KVUE
2025-02-10,20.270000457763672,20.739999771118164,20.200000762939453,20.579999923706055,20.00979804992676,14043000.0,KVUE
2025-02-11,20.59000015258789,20.959999084472656,20.530000686645508,20.90999984741211,20.330656051635746,10921800.0,KVUE
2025-02-12,20.530000686645508,21.024999618530273,20.500999450683594,20.959999084472656,20.581045150756836,10317000.0,KVUE
2025-02-13,20.899999618530273,21.584999084472656,20.8799991607666,21.450000762939453,21.06218910217285,14062000.0,KVUE
2025-02-14,21.469999313354492,22.13999938964844,21.354999542236328,21.93000030517578,21.533510208129883,27015700.0,KVUE
2025-02-18,21.790000915527344,22.200000762939453,21.725000381469727,22.0,21.60224342346191,14108300.0,KVUE
2025-02-19,22.1299991607666,22.315000534057617,21.790000915527344,22.270000457763672,21.86736297607422,14198000.0,KVUE
2025-02-20,22.270000457763672,22.579999923706055,21.885000228881836,22.38999938964844,21.985191345214844,19044800.0,KVUE
2025-02-21,22.36000061035156,23.440000534057617,22.34000015258789,23.31999969482422,22.89837646484375,25663000.0,KVUE
2025-02-24,23.299999237060547,23.53499984741211,22.950000762939453,23.299999237060547,22.878738403320312,18229000.0,KVUE
2025-02-25,23.299999237060547,23.700000762939453,23.225000381469727,23.3700008392334,22.94747543334961,22641600.0,KVUE
2025-02-26,23.399999618530273,23.440000534057617,22.895000457763672,23.219999313354492,22.80018615722656,14615800.0,KVUE
2025-02-27,23.059999465942383,23.2450008392334,22.829999923706055,23.13999938964844,22.72163200378418,15159100.0,KVUE
2025-02-28,23.25,23.6299991607666,23.145000457763672,23.600000381469727,23.173315048217773,30981700.0,KVUE
2025-03-03,23.5,23.88999938964844,23.469999313354492,23.790000915527344,23.359880447387695,12834400.0,KVUE
2025-03-04,23.920000076293945,24.36000061035156,23.40999984741211,23.420000076293945,22.996570587158203,15368100.0,KVUE
2025-03-05,23.43000030517578,23.479999542236328,22.825000762939453,23.040000915527344,22.623441696166992,17384400.0,KVUE
2025-03-06,23.09000015258789,23.239999771118164,22.940000534057617,23.18000030517578,22.760910034179688,9739200.0,KVUE
2025-03-07,23.030000686645508,23.61000061035156,23.020000457763672,23.420000076293945,22.996570587158203,14446300.0,KVUE
2025-03-10,23.530000686645508,24.354999542236328,23.440000534057617,23.920000076293945,23.487531661987305,18035100.0,KVUE
2025-03-11,24.049999237060547,24.149999618530273,23.3799991607666,23.489999771118164,23.06530380249023,16475100.0,KVUE
2025-03-12,23.079999923706055,23.299999237060547,22.774999618530273,23.06999969482422,22.65289878845215,13897400.0,KVUE
2025-03-13,23.100000381469727,23.350000381469727,22.940000534057617,23.18000030517578,22.760910034179688,16433800.0,KVUE
2025-03-14,23.219999313354492,23.25,22.71500015258789,22.809999465942383,22.39759826660156,15798900.0,KVUE
2025-03-17,22.969999313354492,23.655000686645508,22.788000106811523,23.40999984741211,22.98674964904785,16372400.0,KVUE
2025-03-18,23.399999618530273,23.68000030517578,23.290000915527344,23.34000015258789,22.91801643371582,16840600.0,KVUE
2025-03-19,23.190000534057617,23.530000686645508,23.149999618530273,23.530000686645508,23.104581832885746,9646900.0,KVUE
2025-03-20,23.440000534057617,23.670000076293945,23.225000381469727,23.38999938964844,22.967111587524418,16508300.0,KVUE
2025-03-21,23.299999237060547,23.3799991607666,22.959999084472656,23.309999465942383,22.888559341430664,35334700.0,KVUE
2025-03-24,23.149999618530273,23.59000015258789,23.09000015258789,23.3700008392334,22.94747543334961,13187600.0,KVUE
2025-03-25,23.469999313354492,23.489999771118164,22.969999313354492,23.100000381469727,22.682355880737305,14987800.0,KVUE
2025-03-26,23.100000381469727,23.420000076293945,22.799999237060547,23.399999618530273,22.97693252563477,9473400.0,KVUE
2025-03-27,23.459999084472656,23.698999404907227,23.40999984741211,23.5,23.075124740600582,13790600.0,KVUE
2025-03-28,23.600000381469727,23.770000457763672,23.430999755859375,23.700000762939453,23.271509170532227,14401300.0,KVUE
2025-03-31,23.84000015258789,24.03499984741211,23.6200008392334,23.979999542236328,23.546443939208984,16360100.0,KVUE
2025-04-01,24.020000457763672,24.040000915527344,23.760000228881836,23.8799991607666,23.448251724243164,11113800.0,KVUE
2025-04-02,23.850000381469727,24.075000762939453,23.61000061035156,23.8700008392334,23.43843460083008,14093800.0,KVUE
2025-04-03,24.0,24.229999542236328,23.325000762939453,23.6200008392334,23.192955017089844,21704000.0,KVUE
2025-04-04,23.670000076293945,23.780000686645508,22.270000457763672,22.329999923706055,21.9262752532959,17771400.0,KVUE
2025-04-07,22.010000228881836,22.46500015258789,21.3700008392334,21.770000457763672,21.376401901245117,26882400.0,KVUE
2025-04-08,22.100000381469727,22.219999313354492,21.28499984741211,21.489999771118164,21.101463317871097,13443000.0,KVUE
2025-04-09,21.209999084472656,22.15999984741211,20.959999084472656,21.780000686645508,21.386220932006836,22036500.0,KVUE
2025-04-10,21.700000762939453,22.11000061035156,21.40999984741211,21.8700008392334,21.474594116210938,16963500.0,KVUE
2025-04-11,21.979999542236328,22.23500061035156,21.6299991607666,22.09000015258789,21.690616607666016,13221700.0,KVUE
2025-04-14,22.3700008392334,22.888999938964844,22.190000534057617,22.709999084472656,22.299406051635746,16487900.0,KVUE
2025-04-15,22.709999084472656,23.1200008392334,22.559999465942383,22.90999984741211,22.495790481567383,22262800.0,KVUE
2025-04-16,23.059999465942383,23.209999084472656,22.6200008392334,22.729999542236328,22.31904411315918,28527600.0,KVUE
2025-04-17,22.719999313354492,23.530000686645508,22.719999313354492,23.38999938964844,22.967111587524418,22595700.0,KVUE
2025-04-21,23.329999923706055,23.3799991607666,22.020000457763672,22.270000457763672,21.86736297607422,20885900.0,KVUE
2025-04-22,22.559999465942383,23.225000381469727,22.440000534057617,23.190000534057617,22.770729064941406,25918800.0,KVUE
2025-04-23,22.96500015258789,23.190000534057617,22.739999771118164,22.940000534057617,22.52524757385254,13015000.0,KVUE
2025-04-24,22.920000076293945,22.940000534057617,22.540000915527344,22.75,22.33868408203125,15417600.0,KVUE
2025-04-25,22.8799991607666,23.459999084472656,22.385000228881836,23.010000228881836,22.593982696533203,22249600.0,KVUE
2025-04-28,22.979999542236328,23.229999542236328,22.899999618530273,23.11000061035156,22.692174911499023,12011900.0,KVUE
2025-04-29,22.979999542236328,23.440000534057617,22.600000381469727,23.3799991607666,22.957292556762695,13526300.0,KVUE
2025-04-30,23.5,23.719999313354492,23.184999465942383,23.600000381469727,23.173315048217773,15990400.0,KVUE
2025-05-01,23.350000381469727,24.040000915527344,23.15999984741211,23.959999084472656,23.526805877685547,15132800.0,KVUE
2025-05-02,24.059999465942383,24.200000762939453,23.670000076293945,23.979999542236328,23.546443939208984,14097700.0,KVUE
2025-05-05,23.940000534057617,23.979999542236328,23.415000915527344,23.63999938964844,23.21259307861328,23279500.0,KVUE
2025-05-06,23.479999542236328,23.69499969482422,23.3700008392334,23.56999969482422,23.143857955932617,15082400.0,KVUE
2025-05-07,23.510000228881836,23.625,23.0049991607666,23.11000061035156,22.692174911499023,36329100.0,KVUE
2025-05-08,24.5,25.170000076293945,23.969999313354492,24.059999465942383,23.625,33046700.0,KVUE
2025-05-09,24.049999237060547,24.5,24.010000228881836,24.440000534057617,23.99812889099121,24395100.0,KVUE
2025-05-12,24.260000228881836,24.61000061035156,23.899999618530273,24.0,23.566083908081055,15042200.0,KVUE
2025-05-13,23.899999618530273,24.0,23.5,23.65999984741211,23.23223114013672,17777300.0,KVUE
2025-05-14,23.399999618530273,23.569000244140625,23.09000015258789,23.200000762939453,22.97965431213379,13383200.0,KVUE
2025-05-15,23.43000030517578,23.9950008392334,23.31999969482422,23.8799991607666,23.65319442749023,18331200.0,KVUE
2025-05-16,24.020000457763672,24.229999542236328,23.899999618530273,24.18000030517578,23.950345993041992,20725200.0,KVUE
2025-05-19,24.219999313354492,24.270000457763672,23.8799991607666,24.0,23.77205467224121,22180000.0,KVUE
2025-05-20,24.0,24.190000534057617,23.920000076293945,24.1299991607666,23.900819778442383,16356900.0,KVUE
2025-05-21,24.079999923706055,24.354999542236328,23.93000030517578,24.0,23.77205467224121,15095600.0,KVUE
2025-05-22,24.0,24.030000686645508,23.469999313354492,23.5,23.27680397033691,13277400.0,KVUE
2025-05-23,23.63999938964844,23.76799964904785,23.405000686645508,23.729999542236328,23.504619598388672,10164000.0,KVUE
2025-05-27,23.86000061035156,24.0,23.635000228881836,23.93000030517578,23.702720642089844,11682500.0,KVUE
2025-05-28,23.920000076293945,23.940000534057617,23.399999618530273,23.549999237060547,23.32632827758789,10980800.0,KVUE
2025-05-29,23.510000228881836,23.725000381469727,23.469999313354492,23.579999923706055,23.35604476928711,19711500.0,KVUE
2025-05-30,23.68000030517578,23.899999618530273,23.459999084472656,23.8700008392334,23.643291473388672,30017400.0,KVUE
2025-06-02,23.649999618530273,23.780000686645508,23.350000381469727,23.670000076293945,23.445188522338867,9774700.0,KVUE
2025-06-03,23.6299991607666,23.6299991607666,21.815000534057617,22.209999084472656,21.99905586242676,41957100.0,KVUE
2025-06-04,22.280000686645508,22.43000030517578,21.649999618530273,21.68000030517578,21.474090576171875,25027800.0,KVUE
2025-06-05,21.68000030517578,21.905000686645508,21.34000015258789,21.649999618530273,21.444374084472656,16854800.0,KVUE
2025-06-06,21.690000534057617,21.90999984741211,21.649999618530273,21.729999542236328,21.52361488342285,9670500.0,KVUE
2025-06-09,21.59000015258789,21.670000076293945,21.280000686645508,21.299999237060547,21.09769821166992,20375200.0,KVUE
2025-06-10,21.38999938964844,21.59000015258789,21.30500030517578,21.520000457763672,21.315608978271484,14937400.0,KVUE
2025-06-11,21.51499938964844,21.854999542236328,21.459999084472656,21.850000381469727,21.642475128173828,22313400.0,KVUE
2025-06-12,21.75,22.13999938964844,21.670000076293945,22.040000915527344,21.830671310424805,28059400.0,KVUE
2025-06-13,21.959999084472656,22.065000534057617,21.329999923706055,21.450000762939453,21.246274948120117,37242900.0,KVUE
2025-06-16,21.649999618530273,22.030000686645508,21.440000534057617,21.649999618530273,21.444374084472656,16345200.0,KVUE
2025-06-17,21.600000381469727,21.81999969482422,21.420000076293945,21.440000534057617,21.23637008666992,17940900.0,KVUE
2025-06-18,21.40999984741211,21.540000915527344,21.1200008392334,21.36000061035156,21.157129287719727,14259300.0,KVUE
2025-06-20,21.38999938964844,21.700000762939453,21.34000015258789,21.38999938964844,21.186843872070312,24956500.0,KVUE
2025-06-23,21.399999618530273,21.46500015258789,21.030000686645508,21.3700008392334,21.16703414916992,14174300.0,KVUE
2025-06-24,21.290000915527344,21.489999771118164,21.1200008392334,21.190000534057617,20.988744735717773,16640400.0,KVUE
2025-06-25,21.125,21.38999938964844,21.0,21.170000076293945,20.96893310546875,16355800.0,KVUE
2025-06-26,21.1299991607666,21.174999237060547,20.93000030517578,21.11000061035156,20.909503936767575,16341600.0,KVUE
2025-06-27,21.15999984741211,21.219999313354492,20.809999465942383,20.8799991607666,20.681686401367188,24150300.0,KVUE
2025-06-30,20.86000061035156,21.010000228881836,20.73500061035156,20.93000030517578,20.731212615966797,21679400.0,KVUE
2025-07-01,20.940000534057617,21.34000015258789,20.905000686645508,20.969999313354492,20.770832061767575,17882900.0,KVUE
2025-07-02,20.979999542236328,21.030000686645508,20.690000534057617,20.899999618530273,20.70149803161621,18186700.0,KVUE
2025-07-03,20.989999771118164,21.125,20.850000381469727,21.049999237060547,20.850072860717773,6093100.0,KVUE
2025-07-07,21.010000228881836,21.145000457763672,20.809999465942383,20.899999618530273,20.70149803161621,11616800.0,KVUE
2025-07-08,20.75,20.850000381469727,20.479999542236328,20.700000762939453,20.503398895263672,16971400.0,KVUE
2025-07-09,20.799999237060547,20.8700008392334,20.510000228881836,20.760000228881836,20.562828063964844,15930200.0,KVUE
2025-07-10,20.790000915527344,21.100000381469727,20.75,20.920000076293945,20.7213077545166,12723700.0,KVUE
2025-07-11,20.81999969482422,21.475000381469727,20.645000457763672,21.34000015258789,21.137319564819336,25967600.0,KVUE
2025-07-14,22.579999923706055,22.59000015258789,20.96500015258789,21.81999969482422,21.61276054382324,58614500.0,KVUE
2025-07-15,21.575000762939453,21.829999923706055,21.170000076293945,21.38999938964844,21.186843872070312,31071000.0,KVUE
2025-07-16,21.309999465942383,21.920000076293945,21.290000915527344,21.850000381469727,21.642475128173828,21829100.0,KVUE
2025-07-17,21.829999923706055,22.020000457763672,21.621000289916992,21.850000381469727,21.642475128173828,13172800.0,KVUE
2025-07-18,21.950000762939453,22.229999542236328,21.90800094604492,22.0,21.79104995727539,12727200.0,KVUE
2025-07-21,21.969999313354492,22.299999237060547,21.80299949645996,22.1299991607666,21.91981506347656,10716600.0,KVUE
2025-07-22,22.020000457763672,22.704999923706055,22.0,22.670000076293945,22.454687118530273,13673000.0,KVUE
2025-07-23,22.709999084472656,22.78300094604492,22.350000381469727,22.540000915527344,22.3259220123291,18382400.0,KVUE
2025-07-24,22.56999969482422,22.649999618530273,22.415000915527344,22.5,22.28630256652832,6740100.0,KVUE
2025-07-25,22.459999084472656,22.8700008392334,22.309999465942383,22.84000015258789,22.62307357788086,9690400.0,KVUE
2025-07-28,22.6299991607666,22.739999771118164,22.350000381469727,22.36000061035156,22.147632598876953,9230800.0,KVUE
2025-07-29,22.3799991607666,22.440000534057617,21.530000686645508,22.170000076293945,21.959436416625977,28088900.0,KVUE
2025-07-30,22.18000030517578,22.350000381469727,21.670000076293945,21.68000030517578,21.474090576171875,15348500.0,KVUE
2025-07-31,21.479999542236328,21.854999542236328,21.325000762939453,21.440000534057617,21.23637008666992,29026400.0,KVUE
2025-08-01,21.709999084472656,21.75,21.405000686645508,21.59000015258789,21.384944915771484,13846400.0,KVUE
2025-08-04,21.440000534057617,22.28499984741211,21.420000076293945,22.18000030517578,21.969341278076172,32707600.0,KVUE
2025-08-05,22.13999938964844,22.219999313354492,21.63999938964844,21.63999938964844,21.43446922302246,18068900.0,KVUE
2025-08-06,21.68000030517578,21.780000686645508,21.40999984741211,21.440000534057617,21.23637008666992,32966700.0,KVUE
2025-08-07,21.3799991607666,21.959999084472656,21.1200008392334,21.760000228881836,21.55332946777344,30407500.0,KVUE
2025-08-08,21.6200008392334,21.829999923706055,20.959999084472656,21.34000015258789,21.137319564819336,25925000.0,KVUE
2025-08-11,21.3799991607666,21.440000534057617,20.969999313354492,21.219999313354492,21.018457412719727,18729400.0,KVUE
2025-08-12,21.25,21.93000030517578,20.989999771118164,21.899999618530273,21.691999435424805,16072100.0,KVUE
2025-08-13,21.760000228881836,21.954999923706055,21.3799991607666,21.709999084472656,21.709999084472656,12908800.0,KVUE
2025-08-14,21.559999465942383,21.594999313354492,20.825000762939453,21.059999465942383,21.059999465942383,17355400.0,KVUE
2025-08-15,21.200000762939453,21.290000915527344,20.9950008392334,21.200000762939453,21.200000762939453,16054000.0,KVUE
2025-08-18,21.18000030517578,21.290000915527344,20.969999313354492,21.100000381469727,21.100000381469727,13241000.0,KVUE
2025-08-19,21.200000762939453,21.540000915527344,21.09000015258789,21.489999771118164,21.489999771118164,13902100.0,KVUE
2025-08-20,21.56999969482422,21.844999313354492,21.399999618530273,21.6299991607666,21.6299991607666,10076900.0,KVUE
2025-08-21,21.43000030517578,21.59000015258789,21.350000381469727,21.440000534057617,21.440000534057617,8979400.0,KVUE
2025-08-22,21.510000228881836,21.780000686645508,21.475000381469727,21.61000061035156,21.61000061035156,8620200.0,KVUE
2025-08-25,21.540000915527344,21.6299991607666,21.15999984741211,21.190000534057617,21.190000534057617,8122900.0,KVUE
2025-08-26,21.260000228881836,21.399999618530273,20.75,20.790000915527344,20.790000915527344,18006000.0,KVUE
2025-08-27,20.780000686645508,20.950000762939453,20.709999084472656,20.75,20.75,16465100.0,KVUE
2025-08-28,20.770000457763672,20.80500030517578,20.43000030517578,20.540000915527344,20.540000915527344,13467600.0,KVUE
2025-08-29,20.549999237060547,20.760000228881836,20.5,20.709999084472656,20.709999084472656,10307400.0,KVUE
2025-09-02,20.65999984741211,20.81999969482422,20.59000015258789,20.780000686645508,20.780000686645508,11719600.0,KVUE
2025-09-03,20.690000534057617,20.78499984741211,20.40999984741211,20.450000762939453,20.450000762939453,19118200.0,KVUE
2025-09-04,20.530000686645508,20.565000534057617,20.260000228881836,20.540000915527344,20.540000915527344,16966400.0,KVUE
2025-09-05,20.510000228881836,20.690000534057617,17.145000457763672,18.6200008392334,18.6200008392334,135445400.0,KVUE
2025-09-08,18.75,18.93000030517578,18.200000762939453,18.43000030517578,18.43000030517578,56135000.0,KVUE
2025-09-09,18.5,18.969999313354492,18.1200008392334,18.8700008392334,18.8700008392334,39520400.0,KVUE
2025-09-10,18.8799991607666,18.950000762939453,18.049999237060547,18.469999313354492,18.469999313354492,25229000.0,KVUE
2025-09-11,18.43000030517578,19.040000915527344,18.40999984741211,18.850000381469727,18.850000381469727,22265500.0,KVUE
2025-09-12,18.81999969482422,19.420000076293945,18.770000457763672,18.989999771118164,18.989999771118164,26731000.0,KVUE
2025-09-15,18.989999771118164,19.010000228881836,18.084999084472656,18.25,18.25,24893300.0,KVUE
2025-09-16,18.350000381469727,18.579999923706055,18.0,18.1299991607666,18.1299991607666,19689000.0,KVUE
2025-09-17,18.1299991607666,18.614999771118164,18.020000457763672,18.34000015258789,18.34000015258789,17820400.0,KVUE
2025-09-18,18.18000030517578,18.530000686645508,18.049999237060547,18.100000381469727,18.100000381469727,27556700.0,KVUE
2025-09-19,18.209999084472656,18.59000015258789,18.045000076293945,18.34000015258789,18.34000015258789,49475600.0,KVUE
2025-09-22,17.709999084472656,17.959999084472656,16.885000228881836,16.969999313354492,16.969999313354492,76034200.0,KVUE
2025-09-23,17.899999618530273,18.190000534057617,17.219999313354492,17.239999771118164,17.239999771118164,68556700.0,KVUE
2025-09-24,17.510000228881836,17.510000228881836,16.531999588012695,16.860000610351562,16.860000610351562,52306400.0,KVUE
2025-09-25,16.959999084472656,17.030000686645508,16.139999389648438,16.170000076293945,16.170000076293945,61109000.0,KVUE
2025-09-26,16.420000076293945,16.559999465942383,16.06999969482422,16.420000076293945,16.420000076293945,51681100.0,KVUE
2025-09-29,16.5,16.600000381469727,16.1299991607666,16.34000015258789,16.34000015258789,39463500.0,KVUE
2025-09-30,16.360000610351562,16.520000457763672,16.15999984741211,16.229999542236328,16.229999542236328,37973600.0,KVUE
